ID,Pos,Player,Team,Eligible,Status,Age,Opponent,AB,H,R,HR,RBI,SO,SB,OPS,GP,FANTRAXID,IDFANGRAPHS,MLBID,wOBA,xwOBA,BABIP+,K%,BB%,wRC+,PA,Contact%,Swing%,Pitches,Z-Swing%,O-Swing%,HardHit%,Zone%,est_woba_minus_woba_diff,est_slg_minus_slg_diff,est_ba_minus_ba_diff,bip,brl_pa,ev95plus,avg_hit_speed,avg_hit_angle,ev50,Swings,Swing Decisions,Z-Pitches,Z-Swings,O-Pitches,O-Swings,team_name
*04my4*,C,Cal Raleigh,SEA,C,Act,27,@LAA Sun 3:07PM,445,92,57,27,80,150,5,0.717,128,*04my4*,21534,663728.0,0.31,0.343,84.0,0.294,0.10800000000000001,107.0,507.0,0.736,0.519,2039.0,0.7559999999999999,0.35600000000000004,0.49700000000000005,0.408,-0.033,-0.066,-0.02,298.0,9.7,148.0,91.6,21.7,102.2,1058.241,39.999999999999986,831.9119999999999,628.9254719999999,1207.0880000000002,429.7233280000001,Bang Bang Scissor Gang
*01fh9*,1B,Bryce Harper,PHI,1B,Act,31,ATL Sun 6:10PM,458,128,72,26,76,113,5,0.891,120,*01fh9*,11579,547180.0,0.379,0.363,109.0,0.214,0.124,144.0,523.0,0.741,0.518,2033.0,0.7979999999999999,0.354,0.475,0.371,0.016,0.036,0.0079999999999999,345.0,6.5,165.0,91.2,14.2,102.7,1053.094,44.39999999999999,754.2429999999999,601.8859139999998,1278.757,452.679978,Bang Bang Scissor Gang
*024m0*,2B,Jose Altuve,HOU,2B,Act,34,KC Sun 1:10PM,540,160,78,18,57,105,20,0.791,132,*024m0*,5417,514888.0,0.345,0.316,120.0,0.179,0.067,127.0,581.0,0.792,0.515,2073.0,0.7040000000000001,0.40399999999999997,0.3,0.37200000000000005,0.0289999999999999,0.036,0.0349999999999999,433.0,5.0,131.0,86.3,13.9,97.1,1067.595,30.00000000000001,771.1560000000001,542.8938240000001,1301.8439999999998,525.9449759999999,Bang Bang Scissor Gang
*02mzg*,3B,Max Muncy,LAD,3B,Act,34,@ARI Sun 3:10PM,167,40,32,11,35,59,0,0.856,50,*02mzg*,13301,571970.0,0.352,0.343,91.0,0.29600000000000004,0.131,128.0,199.0,0.7070000000000001,0.418,833.0,0.648,0.261,0.45,0.406,0.0089999999999999,0.0389999999999999,-0.001,111.0,6.5,50.0,90.6,26.9,101.3,348.19399999999996,38.7,338.19800000000004,219.15230400000004,494.80199999999996,129.14332199999998,Bang Bang Scissor Gang
*03ae8*,SS,Dansby Swanson,CHC,SS,Act,30,@WSH Sun 12:35PM,435,99,58,12,53,123,15,0.667,125,*03ae8*,18314,621020.0,0.292,0.326,97.0,0.254,0.094,88.0,481.0,0.731,0.489,1939.0,0.748,0.28,0.42,0.447,-0.034,-0.063,-0.0209999999999999,312.0,5.8,131.0,89.5,9.7,100.2,948.1709999999999,46.8,866.7330000000001,648.316284,1072.2669999999998,300.23476,Bang Bang Scissor Gang
*03qo2*,OF,LaMonte Wade Jr.,SF,"1B,OF",Act,30,MIA Sun 3:05PM,261,70,38,5,23,73,1,0.777,95,*03qo2*,18126,664774.0,0.346,0.362,118.0,0.226,0.16699999999999998,125.0,323.0,0.784,0.405,1337.0,0.6459999999999999,0.23199999999999998,0.42700000000000005,0.419,-0.016,-0.0489999999999999,0.005,192.0,5.3,82.0,90.1,11.9,101.1,541.485,41.39999999999999,560.203,361.89113799999996,776.7969999999999,180.21690399999997,Bang Bang Scissor Gang
*02xic*,OF,Teoscar Hernandez,LAD,OF,Act,31,@ARI Sun 3:10PM,512,135,71,28,87,159,9,0.816,133,*02xic*,13066,606192.0,0.35,0.343,111.0,0.28300000000000003,0.08199999999999999,126.0,561.0,0.6920000000000001,0.511,2261.0,0.767,0.326,0.47,0.42100000000000004,0.0069999999999999,0.0,0.013,350.0,9.1,165.0,90.8,9.5,102.8,1155.371,44.1,951.8810000000001,730.0927270000001,1309.119,426.772794,Bang Bang Scissor Gang
*04b02*,OF,Seiya Suzuki,CHC,OF,Act,30,@WSH Sun 12:35PM,427,117,62,19,64,130,12,0.831,109,*04b02*,30116,673548.0,0.356,0.336,118.0,0.273,0.09,131.0,476.0,0.777,0.40299999999999997,2021.0,0.628,0.24100000000000002,0.48100000000000004,0.418,0.0199999999999999,0.0319999999999999,0.025,297.0,7.4,143.0,91.6,16.5,102.4,814.463,38.7,844.778,530.520584,1176.2220000000002,283.4695020000001,Bang Bang Scissor Gang
*0414g*,UT,Luis Garcia,WSH,2B,Act,24,CHC Sun 12:35PM,428,124,49,15,63,71,21,0.78,119,*0414g*,20391,671277.0,0.336,0.342,108.0,0.158,0.051,116.0,449.0,0.816,0.511,1614.0,0.6920000000000001,0.384,0.4,0.413,-0.006,-0.0169999999999999,0.002,355.0,6.5,144.0,88.8,8.8,100.2,824.754,30.800000000000004,666.582,461.27474400000006,947.4179999999999,363.80851199999995,Bang Bang Scissor Gang
*02yc4*,UT,Shohei Ohtani,LAD,"UT,SP",Act,30,@ARI Sun 3:10PM,528,155,107,44,98,135,43,1.0,133,*02yc4*,19755,660271.0,0.415,0.439,107.0,0.221,0.114,170.0,605.0,0.735,0.473,2356.0,0.7,0.309,0.579,0.42,-0.024,-0.033,-0.019,394.0,13.1,231.0,95.3,16.0,106.4,1114.388,39.099999999999994,989.52,692.664,1366.4800000000002,422.24232000000006,Bang Bang Scissor Gang
*03rmz*,UT,Keibert Ruiz,WSH,C,Res,26,CHC Sun 12:35PM,376,82,40,12,46,42,1,0.601,105,*03rmz*,19610,660688.0,0.261,0.277,73.0,0.106,0.03,65.0,396.0,0.884,0.527,1347.0,0.6990000000000001,0.408,0.24600000000000002,0.409,-0.016,-0.003,-0.0289999999999999,337.0,2.8,84.0,85.1,19.9,95.1,709.869,29.10000000000001,550.923,385.09517700000004,796.077,324.79941599999995,Bang Bang Scissor Gang
*01sfi*,UT,DJ LeMahieu,NYY,"1B,3B",Res,36,STL Sun 12:35PM,198,40,19,2,26,35,0,0.525,66,*01sfi*,9874,518934.0,0.238,0.299,80.0,0.156,0.084,51.0,225.0,0.851,0.444,835.0,0.599,0.32,0.371,0.442,-0.061,-0.1069999999999999,-0.0429999999999999,170.0,4.0,63.0,88.5,1.8,98.1,370.74,27.9,369.07,221.07292999999999,465.93000000000006,149.09760000000003,Bang Bang Scissor Gang
*02jh6*,UT,Eugenio Suarez,ARI,3B,Res,33,LAD Sun 3:10PM,469,111,66,21,83,144,2,0.738,132,*02jh6*,12552,553993.0,0.319,0.318,98.0,0.273,0.08,103.0,527.0,0.726,0.47200000000000003,2079.0,0.691,0.299,0.40399999999999997,0.441,0.001,0.015,0.0,332.0,6.3,134.0,88.5,19.6,100.0,981.288,39.199999999999996,916.839,633.535749,1162.1609999999998,347.4861389999999,Bang Bang Scissor Gang
*025eo*,OF,Mark Canha,SF,"1B,OF",Res,35,MIA Sun 3:05PM,366,87,45,7,41,90,5,0.688,111,*025eo*,11445,592192.0,0.309,0.289,103.0,0.21,0.11,100.0,428.0,0.802,0.413,1798.0,0.607,0.265,0.373,0.433,0.02,0.0369999999999999,0.0259999999999999,279.0,2.3,104.0,88.3,9.9,98.1,742.574,34.199999999999996,778.534,472.570138,1019.4659999999999,270.15849,Bang Bang Scissor Gang
*03nri*,OF,Lourdes Gurriel Jr.,ARI,OF,Res,30,LAD Sun 3:10PM,482,133,69,17,70,98,7,0.749,124,*03nri*,19238,666971.0,0.318,0.316,105.0,0.191,0.051,103.0,514.0,0.81,0.509,1959.0,0.7240000000000001,0.354,0.4,0.42100000000000004,0.002,0.001,0.007,385.0,4.9,155.0,88.3,15.9,99.5,997.131,37.000000000000014,824.739,597.1110360000001,1134.261,401.528394,Bang Bang Scissor Gang
*03avk*,UT,Luis Rengifo,LAA,"2B,3B,SS,OF",IR,27,SEA Sun 3:07PM,283,85,41,6,30,44,24,0.763,78,*03avk*,19858,650859.0,0.334,0.293,119.0,0.145,0.053,116.0,304.0,0.7909999999999999,0.56,1086.0,0.797,0.402,0.325,0.4,0.041,0.064,0.0389999999999999,240.0,2.0,78.0,87.0,6.7,97.0,608.1600000000001,39.5,434.40000000000003,346.21680000000003,651.6,261.94320000000005,Bang Bang Scissor Gang
*01s8u*,OF,Mike Trout,LAA,OF,IR,33,SEA Sun 3:07PM,109,24,17,10,14,27,6,0.867,29,*01s8u*,10155,545361.0,0.365,0.406,68.0,0.214,0.127,137.0,126.0,0.828,0.425,574.0,0.6779999999999999,0.214,0.415,0.455,-0.041,-0.0579999999999999,-0.053,82.0,11.1,34.0,89.2,25.2,101.8,243.95,46.4,261.17,177.07326,312.83,66.94561999999999,Bang Bang Scissor Gang
*04q56*,C,Logan OHoppe,LAA,C,Act,24,SEA Sun 3:07PM,412,100,52,17,50,130,2,0.705,117,*04q56*,24729,681351.0,0.308,0.338,109.0,0.289,0.057999999999999996,97.0,447.0,0.6990000000000001,0.525,1698.0,0.747,0.382,0.465,0.392,-0.03,-0.062,-0.018,284.0,7.4,132.0,90.2,13.9,101.2,891.45,36.5,665.616,497.215152,1032.384,394.37068800000003,Aidand4
*04t9b*,1B,Michael Busch,CHC,"1B,3B",Act,26,@WSH Sun 12:35PM,422,107,62,16,51,144,2,0.775,128,*04t9b*,26319,683737.0,0.336,0.32,116.0,0.302,0.111,118.0,477.0,0.735,0.447,2001.0,0.705,0.278,0.392,0.396,0.016,0.01,0.031,278.0,6.9,109.0,89.5,16.4,100.0,894.447,42.699999999999996,792.3960000000001,558.63918,1208.604,335.991912,Aidand4
*04nx3*,2B,Jonathan India,CIN,2B,Act,27,MIL Sun 11:10AM,456,112,70,13,51,109,12,0.737,127,*04nx3*,21523,663697.0,0.327,0.35,99.0,0.203,0.11900000000000001,104.0,537.0,0.825,0.387,2220.0,0.598,0.22,0.37,0.441,-0.0229999999999999,-0.0289999999999999,-0.024,354.0,5.4,132.0,87.1,13.5,99.1,859.14,37.8,979.02,585.4539599999999,1240.9799999999998,273.01559999999995,Aidand4
*04aeb*,3B,Royce Lewis,MIN,3B,Act,25,TOR Sun 1:10PM,198,51,32,15,40,52,0,0.864,56,*04aeb*,20437,668904.0,0.359,0.345,92.0,0.233,0.091,136.0,219.0,0.742,0.51,845.0,0.774,0.344,0.405,0.387,0.014,0.043,0.004,148.0,9.6,60.0,87.6,16.3,100.3,430.95,43.00000000000001,327.015,253.10961,517.985,178.18684,Aidand4
*03zlh*,SS,Oneil Cruz,PIT,SS,Act,25,@CLE Sun 12:40PM,460,127,61,18,68,156,19,0.806,122,*03zlh*,21711,665833.0,0.342,0.342,127.0,0.311,0.076,117.0,499.0,0.677,0.462,2000.0,0.643,0.341,0.5489999999999999,0.401,0.0,-0.008,0.006,304.0,10.2,167.0,95.3,10.4,107.2,924.0,30.2,802.0,515.686,1198.0,408.51800000000003,Aidand4
*04355*,OF,Yordan Alvarez,HOU,OF,Act,27,KC Sun 1:10PM,474,148,76,28,71,81,6,0.959,127,*04355*,19556,670541.0,0.403,0.415,114.0,0.147,0.11,167.0,544.0,0.8079999999999999,0.475,1926.0,0.69,0.335,0.485,0.39399999999999996,-0.0119999999999999,-0.0419999999999999,0.006,394.0,10.3,191.0,93.0,18.2,104.1,914.8499999999999,35.49999999999999,758.8439999999999,523.6023599999999,1167.1560000000002,390.9972600000001,Aidand4
*02i2k*,OF,Byron Buxton,MIN,OF,Act,30,TOR Sun 1:10PM,305,84,54,16,49,89,6,0.862,90,*02i2k*,14161,621439.0,0.366,0.356,118.0,0.266,0.054000000000000006,141.0,335.0,0.693,0.541,1270.0,0.775,0.377,0.48200000000000004,0.413,0.01,0.014,0.012,218.0,9.3,105.0,92.0,20.3,102.6,687.07,39.800000000000004,524.51,406.49525,745.49,281.04973,Aidand4
*03dei*,OF,Lane Thomas,CLE,OF,Act,29,PIT Sun 12:40PM,381,88,52,8,43,107,31,0.674,105,*03dei*,16939,657041.0,0.298,0.31,101.0,0.248,0.095,91.0,432.0,0.805,0.428,1707.0,0.6509999999999999,0.262,0.40299999999999997,0.425,-0.011,-0.003,-0.0149999999999999,278.0,3.9,112.0,88.9,17.1,100.1,730.596,38.89999999999999,725.475,472.28422499999994,981.525,257.15955,Aidand4
*03aoy*,UT,Sean Murphy,ATL,C,Act,29,@PHI Sun 6:10PM,187,41,15,8,18,53,0,0.684,58,*03aoy*,19352,669221.0,0.301,0.308,89.0,0.252,0.1,90.0,210.0,0.716,0.452,828.0,0.642,0.308,0.35100000000000003,0.43,-0.007,-0.0269999999999999,0.003,134.0,6.2,47.0,87.9,9.2,99.4,374.25600000000003,33.4,356.04,228.57768000000002,471.96000000000004,145.36368000000002,Aidand4
*05gsc*,UT,Jordan Westburg,BAL,"2B,3B",Act,25,@COL Sun 2:10PM,390,105,55,18,58,90,6,0.815,101,*05gsc*,27815,676059.0,0.348,0.361,108.0,0.214,0.05,130.0,420.0,0.741,0.515,1522.0,0.743,0.34,0.47,0.435,-0.013,-0.012,-0.0169999999999999,302.0,8.8,142.0,91.4,13.9,102.0,783.83,40.3,662.07,491.91801000000004,859.93,292.3762,Aidand4
*04si2*,UT,Andrew Vaughn,CHW,1B,Res,26,NYM Sun 1:10PM,479,113,48,15,59,116,2,0.678,126,*04si2*,26197,683734.0,0.295,0.325,98.0,0.22399999999999998,0.062,90.0,518.0,0.792,0.48700000000000004,1976.0,0.6779999999999999,0.35,0.42700000000000005,0.41600000000000004,-0.03,-0.066,-0.01,365.0,6.9,157.0,90.4,17.5,100.9,962.3120000000001,32.8,822.0160000000001,557.326848,1153.984,403.89439999999996,Aidand4
*041ai*,2B,Gavin Lux,LAD,2B,Res,26,@ARI Sun 3:10PM,380,95,48,10,45,92,5,0.706,116,*041ai*,19955,666158.0,0.307,0.317,103.0,0.22399999999999998,0.075,97.0,411.0,0.79,0.451,1633.0,0.688,0.271,0.409,0.433,-0.01,-0.003,-0.017,286.0,3.9,117.0,88.0,8.0,98.9,736.4830000000001,41.699999999999996,707.0889999999999,486.4772319999999,925.911,250.921881,Aidand4
*059bs*,3B,Bryan Ramos,CHW,3B,Res,22,NYM Sun 1:10PM,46,9,4,0,2,8,0,0.447,15,*059bs*,25621,682868.0,0.195,0.256,81.0,0.16699999999999998,0.021,20.0,48.0,0.795,0.424,172.0,0.654,0.23399999999999999,0.41,0.45299999999999996,-0.061,-0.088,-0.0449999999999999,39.0,2.1,16.0,89.6,5.5,99.7,72.928,42.00000000000001,77.916,50.957064,94.084,22.015656,Aidand4
*03zcy*,3B,Mark Vientos,NYM,3B,Res,24,@CHW Sun 1:10PM,319,89,46,21,57,97,0,0.875,87,*03zcy*,22184,668901.0,0.369,0.337,111.0,0.27699999999999997,0.075,142.0,346.0,0.693,0.49700000000000005,1332.0,0.7070000000000001,0.342,0.45899999999999996,0.425,0.0319999999999999,0.063,0.029,222.0,9.8,102.0,91.3,11.6,102.4,662.004,36.50000000000001,566.1,400.2327000000001,765.9,261.93780000000004,Aidand4
*0518n*,UT,Vaughn Grissom,BOS,"2B,SS",Res,23,@DET Sun 12:40PM,81,12,6,0,3,19,0,0.367,23,*0518n*,26031,687093.0,0.174,0.271,68.0,0.218,0.057,0.0,87.0,0.78,0.446,337.0,0.643,0.306,0.29,0.41700000000000004,-0.097,-0.157,-0.09,62.0,2.3,18.0,85.4,9.1,96.8,150.302,33.7,140.52900000000002,90.36014700000001,196.47099999999998,60.12012599999999,Aidand4
*042no*,UT,Oswaldo Cabrera,NYY,"2B,3B,OF",Res,25,STL Sun 12:35PM,274,67,40,8,35,55,4,0.656,96,*042no*,21707,665828.0,0.29,0.287,98.0,0.18100000000000002,0.061,87.0,293.0,0.8370000000000001,0.47,1136.0,0.685,0.326,0.353,0.4,0.003,0.025,-0.004,221.0,3.1,78.0,88.2,12.8,97.7,533.92,35.900000000000006,454.40000000000003,311.26400000000007,681.6,222.2016,Aidand4
*05xor*,1B,Christian Encarnacion-Strand,CIN,1B,IR,24,MIL Sun 11:10AM,116,22,13,2,16,35,0,0.513,29,*05xor*,30011,687952.0,0.223,0.306,84.0,0.285,0.033,33.0,123.0,0.73,0.5589999999999999,451.0,0.74,0.43700000000000006,0.373,0.401,-0.0829999999999999,-0.153,-0.0549999999999999,83.0,5.7,31.0,87.8,15.5,99.9,252.10899999999998,30.299999999999994,180.851,133.82974,270.149,118.05511300000002,Aidand4
*02yk4*,OF,Tyler ONeill,BOS,OF,IR,29,@DET Sun 12:40PM,340,86,64,25,50,130,4,0.862,92,*02yk4*,15711,641933.0,0.361,0.333,114.0,0.332,0.109,130.0,385.0,0.69,0.436,1614.0,0.664,0.278,0.479,0.408,0.0279999999999999,0.035,0.035,211.0,8.6,102.0,90.9,19.3,102.7,703.704,38.6,658.512,437.251968,955.4880000000002,265.6256640000001,Aidand4
*047l7*,OF,Luis Robert Jr.,CHW,OF,IR,27,NYM Sun 1:10PM,308,68,37,14,33,115,21,0.674,79,*047l7*,20043,673357.0,0.289,0.293,104.0,0.34600000000000003,0.07,85.0,327.0,0.6779999999999999,0.524,1269.0,0.741,0.386,0.429,0.389,-0.004,-0.0099999999999999,-0.002,190.0,6.4,82.0,90.5,13.1,101.9,664.956,35.5,493.641,365.787981,775.359,299.28857400000004,Aidand4
*04prt*,UT,Lawrence Butler,OAK,OF,Min,24,@TEX Sun 1:35PM,319,82,52,20,53,83,12,0.827,102,*04prt*,22542,671732.0,0.344,0.357,99.0,0.239,0.081,129.0,347.0,0.755,0.462,1404.0,0.698,0.294,0.49200000000000005,0.41600000000000004,-0.012,-0.011,-0.01,236.0,8.1,116.0,91.8,11.8,102.2,648.648,40.4,584.0640000000001,407.67667200000005,819.9359999999999,241.06118399999997,Aidand4
*04o4s*,C,Shea Langeliers,OAK,C,Act,26,@TEX Sun 1:35PM,403,90,47,23,64,120,4,0.732,114,*04o4s*,25816,669127.0,0.313,0.329,89.0,0.27,0.075,107.0,441.0,0.732,0.494,1603.0,0.7,0.35600000000000004,0.43,0.402,-0.016,-0.019,-0.0159999999999999,284.0,8.6,122.0,91.0,16.3,101.9,791.882,34.39999999999999,644.4060000000001,451.0842,958.5939999999999,341.25946400000004,Montgomery Biscuits
*03ojr*,1B,Vladimir Guerrero Jr.,TOR,1B,Act,25,@MIN Sun 1:10PM,525,170,82,27,89,83,2,0.952,136,*03ojr*,19611,665489.0,0.402,0.411,119.0,0.139,0.10400000000000001,166.0,589.0,0.7929999999999999,0.47600000000000003,2195.0,0.7070000000000001,0.307,0.562,0.424,-0.0089999999999999,-0.0249999999999999,-0.002,441.0,10.5,248.0,94.1,6.8,106.0,1044.8200000000002,40.00000000000001,930.68,657.99076,1264.3200000000002,388.14624000000003,Montgomery Biscuits
*025gb*,2B,Xander Bogaerts,SD,"2B,SS",Act,31,@TB Sun 12:40PM,343,91,42,7,31,64,10,0.675,88,*025gb*,12161,593428.0,0.299,0.31,104.0,0.172,0.06,94.0,366.0,0.833,0.44,1404.0,0.619,0.285,0.325,0.46399999999999997,-0.011,-0.013,0.0,280.0,3.8,92.0,87.5,11.3,98.0,617.76,33.4,651.4559999999999,403.25126399999994,752.5440000000001,214.47504,Montgomery Biscuits
*04azv*,3B,Jake Burger,MIA,"1B,3B",Act,28,@SF Sun 3:05PM,435,108,58,25,59,125,1,0.772,113,*04azv*,22275,669394.0,0.332,0.341,98.0,0.262,0.059000000000000004,111.0,473.0,0.716,0.519,1701.0,0.6859999999999999,0.414,0.47100000000000003,0.384,-0.009,-0.019,-0.004,312.0,8.7,147.0,91.7,12.9,103.9,882.8190000000001,27.199999999999996,653.184,448.08422399999995,1047.816,433.795824,Montgomery Biscuits
*04ppj*,SS,Jeremy Pena,HOU,SS,Act,26,KC Sun 1:10PM,511,139,70,14,63,94,15,0.721,133,*04ppj*,21636,665161.0,0.311,0.321,106.0,0.16899999999999998,0.04,103.0,549.0,0.77,0.523,1950.0,0.731,0.386,0.391,0.39799999999999996,-0.01,-0.0129999999999999,-0.005,422.0,4.6,165.0,88.0,7.6,99.3,1019.85,34.5,776.0999999999999,567.3290999999999,1173.9,453.12540000000007,Montgomery Biscuits
*05jr0*,OF,Alec Burleson,STL,"1B,OF",Act,25,@NYY Sun 12:35PM,463,130,64,21,72,65,9,0.776,127,*05jr0*,27615,676475.0,0.333,0.335,96.0,0.131,0.05,115.0,496.0,0.823,0.56,1769.0,0.7859999999999999,0.385,0.40700000000000003,0.436,-0.002,0.0,-0.001,401.0,5.6,166.0,89.7,14.5,99.4,990.6400000000001,40.099999999999994,771.284,606.2292239999999,997.7160000000001,384.12066000000004,Montgomery Biscuits
*045gu*,OF,TJ Friedl,CIN,OF,Act,29,MIL Sun 11:10AM,216,46,26,10,40,42,7,0.68,61,*045gu*,19522,670770.0,0.302,0.291,73.0,0.17300000000000001,0.078,87.0,243.0,0.818,0.433,929.0,0.6409999999999999,0.265,0.318,0.447,0.011,0.0579999999999999,-0.011,173.0,2.5,55.0,86.2,18.0,97.0,402.257,37.59999999999999,415.26300000000003,266.183583,513.737,136.140305,Montgomery Biscuits
*03ynj*,OF,Juan Soto,NYY,OF,Act,25,STL Sun 12:35PM,490,143,109,37,96,96,5,1.01,132,*03ynj*,20123,665742.0,0.428,0.469,103.0,0.157,0.182,183.0,600.0,0.7979999999999999,0.37200000000000005,2468.0,0.612,0.21,0.557,0.402,-0.0409999999999999,-0.081,-0.027,395.0,13.2,220.0,94.1,10.9,105.4,918.0960000000001,40.2,992.1360000000001,607.187232,1475.864,309.93144,Montgomery Biscuits
*031t0*,UT,Gleyber Torres,NYY,2B,Act,27,STL Sun 12:35PM,479,115,60,12,50,115,4,0.675,129,*031t0*,16997,650402.0,0.3,0.303,101.0,0.213,0.102,94.0,541.0,0.7859999999999999,0.462,2304.0,0.726,0.266,0.345,0.426,-0.003,-0.007,0.0109999999999999,368.0,4.4,127.0,88.2,16.0,98.0,1064.448,46.0,981.504,712.571904,1322.496,351.78393600000004,Montgomery Biscuits
*01sy3*,UT,Nolan Arenado,STL,3B,Act,33,@NYY Sun 12:35PM,493,133,59,15,63,73,2,0.72,129,*01sy3*,9777,571448.0,0.315,0.296,97.0,0.135,0.066,102.0,534.0,0.8420000000000001,0.46799999999999997,2062.0,0.645,0.336,0.298,0.42700000000000005,0.019,0.039,0.016,422.0,2.8,128.0,86.0,17.2,96.8,965.016,30.9,880.474,567.9057300000001,1181.5259999999998,396.992736,Montgomery Biscuits
*05131*,SS,Tyler Fitzgerald,SF,"SS,OF",Res,26,MIA Sun 3:05PM,232,67,41,14,29,75,16,0.883,74,*05131*,26208,666149.0,0.379,0.314,125.0,0.295,0.068,147.0,251.0,0.7140000000000001,0.45299999999999996,996.0,0.684,0.27699999999999997,0.318,0.433,0.065,0.123,0.0439999999999999,157.0,5.6,51.0,87.8,19.5,97.7,451.18799999999993,40.70000000000001,431.268,294.98731200000003,564.732,156.43076399999998,Montgomery Biscuits
*04y95*,OF,JJ Bleday,OAK,OF,Res,26,@TEX Sun 1:35PM,483,120,67,20,54,102,1,0.792,133,*04y95*,26368,668709.0,0.343,0.33,97.0,0.184,0.102,128.0,537.0,0.775,0.447,2104.0,0.691,0.27899999999999997,0.36700000000000005,0.40700000000000003,0.013,0.043,-0.002,381.0,6.0,140.0,88.7,19.0,99.1,940.488,41.199999999999996,856.3280000000001,591.722648,1247.672,348.100488,Montgomery Biscuits
*051em*,OF,Kerry Carpenter,DET,OF,Res,26,BOS Sun 12:40PM,199,57,30,14,45,59,0,0.941,65,*051em*,25961,681481.0,0.393,0.38,118.0,0.263,0.076,160.0,224.0,0.72,0.489,863.0,0.6809999999999999,0.358,0.462,0.40700000000000003,0.014,0.023,0.0219999999999999,142.0,11.2,67.0,89.9,17.0,100.8,422.007,32.3,351.24100000000004,239.195121,511.75899999999996,183.20972199999997,Montgomery Biscuits
*0512v*,OF,Michael Harris II,ATL,OF,Res,23,@PHI Sun 6:10PM,326,80,37,8,30,82,8,0.652,84,*0512v*,25931,671739.0,0.285,0.316,102.0,0.233,0.052000000000000005,80.0,344.0,0.755,0.5579999999999999,1236.0,0.721,0.436,0.436,0.42700000000000005,-0.031,-0.0509999999999999,-0.022,243.0,5.8,106.0,89.4,6.5,102.4,689.6879999999999,28.499999999999996,527.772,380.523612,708.228,308.78740799999997,Montgomery Biscuits
*0326s*,UT,Ketel Marte,ARI,2B,IR,30,LAD Sun 3:10PM,436,130,81,30,81,89,6,0.93,116,*0326s*,13613,606466.0,0.389,0.39,104.0,0.17800000000000002,0.10400000000000001,150.0,500.0,0.804,0.48700000000000004,1798.0,0.738,0.295,0.534,0.43200000000000005,-0.001,0.019,-0.001,356.0,8.2,191.0,93.7,8.6,103.7,875.6260000000001,44.3,776.7360000000001,573.231168,1021.2639999999999,301.27287999999993,Montgomery Biscuits
*04s1g*,C,Gabriel Moreno,ARI,C,Act,24,LAD Sun 3:10PM,275,72,36,5,41,45,3,0.729,86,*04s1g*,22664,672515.0,0.321,0.327,99.0,0.14300000000000002,0.10800000000000001,104.0,314.0,0.8420000000000001,0.419,1363.0,0.603,0.27699999999999997,0.42100000000000004,0.436,-0.006,-0.016,0.002,233.0,5.1,98.0,90.4,9.4,99.9,571.097,32.6,594.268,358.343604,768.7320000000001,212.938764,Florence Y'alls
*02mw3*,1B,Christian Walker,ARI,1B,Act,33,LAD Sun 3:10PM,401,102,62,23,71,114,2,0.815,107,*02mw3*,13419,572233.0,0.347,0.361,99.0,0.247,0.10400000000000001,122.0,461.0,0.76,0.48100000000000004,1935.0,0.7609999999999999,0.28,0.46399999999999997,0.41600000000000004,-0.014,-0.006,0.005,293.0,9.3,136.0,90.9,17.2,103.0,930.7350000000001,48.09999999999999,804.96,612.5745599999999,1130.04,316.4112,Florence Y'alls
*04ai4*,2B,Nolan Gorman,STL,2B,Act,24,@NYY Sun 12:35PM,365,74,42,19,50,151,6,0.671,107,*04ai4*,22263,669357.0,0.29,0.312,94.0,0.376,0.085,86.0,402.0,0.635,0.509,1597.0,0.723,0.34700000000000003,0.384,0.43200000000000005,-0.022,-0.0449999999999999,-0.0099999999999999,216.0,9.0,83.0,88.5,20.3,100.7,812.873,37.599999999999994,689.9040000000001,498.80059200000005,907.0959999999999,314.762312,Florence Y'alls
*03pom*,3B,Austin Riley,ATL,3B,Act,27,@PHI Sun 6:10PM,425,109,63,19,56,118,0,0.783,110,*03pom*,18360,663586.0,0.337,0.366,105.0,0.252,0.079,115.0,469.0,0.743,0.501,1824.0,0.747,0.314,0.534,0.43200000000000005,-0.0289999999999999,-0.0559999999999999,-0.016,309.0,9.8,165.0,93.3,15.9,103.8,913.824,43.3,787.9680000000001,588.6120960000001,1036.032,325.31404799999996,Florence Y'alls
*04y9p*,SS,Anthony Volpe,NYY,SS,Act,23,STL Sun 12:35PM,552,140,81,11,51,130,25,0.692,135,*04y9p*,27647,683011.0,0.3,0.281,109.0,0.21899999999999997,0.062,94.0,594.0,0.787,0.48200000000000004,2384.0,0.6659999999999999,0.335,0.366,0.445,0.0189999999999999,0.0449999999999999,0.012,422.0,2.9,157.0,87.9,7.4,98.5,1149.0880000000002,33.09999999999999,1060.88,706.54608,1323.12,443.2452,Florence Y'alls
*04aee*,OF,Jo Adell,LAA,OF,Act,25,SEA Sun 3:07PM,389,82,52,19,60,120,15,0.689,125,*04aee*,20220,666176.0,0.294,0.318,87.0,0.278,0.076,87.0,432.0,0.721,0.5,1766.0,0.737,0.34700000000000003,0.445,0.392,-0.024,-0.0359999999999999,-0.022,271.0,7.2,121.0,89.7,15.4,102.6,883.0,38.99999999999999,692.272,510.20446400000003,1073.728,372.58361600000006,Florence Y'alls
*04pst*,OF,Jarren Duran,BOS,OF,Act,27,@DET Sun 12:40PM,563,166,96,21,69,134,32,0.885,134,*04pst*,24617,680776.0,0.377,0.35,124.0,0.218,0.08,142.0,616.0,0.785,0.47100000000000003,2437.0,0.698,0.302,0.455,0.42700000000000005,0.027,0.06,0.0169999999999999,429.0,7.1,196.0,91.0,9.5,102.3,1147.827,39.599999999999994,1040.5990000000002,726.338102,1396.4009999999998,421.71310199999994,Florence Y'alls
*02z0s*,OF,Aaron Judge,NYY,OF,Act,32,STL Sun 12:35PM,476,157,105,51,123,142,7,1.184,134,*02z0s*,15640,592450.0,0.485,0.482,131.0,0.237,0.185,223.0,594.0,0.71,0.41700000000000004,2422.0,0.705,0.217,0.596,0.41,0.004,-0.018,0.02,333.0,15.2,198.0,95.7,18.8,107.0,1009.974,48.8,993.02,700.0790999999999,1428.9800000000002,310.08866000000006,Florence Y'alls
*041xv*,UT,Nathaniel Lowe,TEX,1B,Act,29,OAK Sun 1:35PM,399,102,51,11,49,102,2,0.725,114,*041xv*,19566,663993.0,0.322,0.314,110.0,0.21899999999999997,0.12300000000000001,109.0,457.0,0.82,0.425,1923.0,0.633,0.27,0.375,0.42700000000000005,0.008,0.015,0.01,299.0,3.3,114.0,88.7,8.0,100.0,817.275,36.3,821.1210000000001,519.7695930000001,1101.879,297.50732999999997,Florence Y'alls
*0310n*,UT,Ryan McMahon,COL,"2B,3B",Act,29,BAL Sun 2:10PM,483,119,59,17,59,155,4,0.736,130,*0310n*,15112,641857.0,0.321,0.332,110.0,0.281,0.109,93.0,548.0,0.722,0.467,2332.0,0.669,0.3,0.498,0.45299999999999996,-0.011,-0.0209999999999999,-0.003,329.0,6.8,166.0,92.6,9.5,103.1,1089.044,36.900000000000006,1056.396,706.728924,1275.604,382.6812,Florence Y'alls
*05gwy*,SS,Masyn Winn,STL,SS,Res,22,@NYY Sun 12:35PM,485,137,67,12,47,89,10,0.753,127,*05gwy*,27479,691026.0,0.328,0.303,110.0,0.16899999999999998,0.068,111.0,526.0,0.835,0.473,2098.0,0.6629999999999999,0.332,0.31,0.42700000000000005,0.025,0.0559999999999999,0.0189999999999999,400.0,2.5,124.0,86.4,13.0,97.6,992.3539999999999,33.09999999999999,895.8460000000001,593.945898,1202.154,399.115128,Florence Y'alls
*041ah*,OF,Josh Lowe,TB,OF,Res,26,SD Sun 12:40PM,264,65,30,9,30,89,17,0.729,79,*041ah*,19953,666139.0,0.305,0.298,115.0,0.313,0.077,102.0,284.0,0.736,0.503,1245.0,0.7020000000000001,0.354,0.451,0.429,0.007,0.0139999999999999,0.0109999999999999,173.0,6.3,78.0,90.8,17.2,101.0,626.235,34.80000000000001,534.105,374.94171000000006,710.895,251.65682999999999,Florence Y'alls
*05mdt*,OF,Evan Carter,TEX,OF,IR,22,OAK Sun 1:35PM,144,27,23,5,15,43,2,0.633,45,*05mdt*,27790,694497.0,0.278,0.282,80.0,0.265,0.09300000000000001,78.0,162.0,0.778,0.38299999999999995,649.0,0.581,0.21600000000000003,0.324,0.457,-0.0039999999999999,0.0259999999999999,-0.0239999999999999,102.0,3.7,33.0,86.0,13.9,97.2,248.56699999999998,36.49999999999999,296.593,172.320533,352.4069999999999,76.119912,Florence Y'alls
*0406v*,OF,Esteury Ruiz,OAK,OF,IR,25,@TEX Sun 1:35PM,55,11,10,2,8,20,5,0.652,29,*0406v*,21780,665923.0,0.28,0.284,90.0,0.308,0.062,84.0,65.0,0.6970000000000001,0.496,246.0,0.6829999999999999,0.359,0.359,0.423,-0.0039999999999999,0.026,0.014,39.0,6.2,14.0,87.7,17.1,98.2,122.016,32.4,104.05799999999999,71.07161399999998,141.94199999999998,50.95717799999999,Florence Y'alls
*030ud*,UT,Eloy Jimenez,BAL,UT,IR,27,@COL Sun 2:10PM,299,76,24,6,23,62,3,0.663,88,*030ud*,17484,650391.0,0.287,0.306,107.0,0.195,0.06,84.0,318.0,0.773,0.508,1103.0,0.708,0.374,0.494,0.401,-0.019,-0.048,-0.005,235.0,6.0,116.0,92.1,3.2,103.3,560.324,33.4,442.303,313.15052399999996,660.697,247.100678,Florence Y'alls
*05ojj*,UT,Matt Mervis,CHC,1B,Min,26,@WSH Sun 12:35PM,26,3,1,0,3,8,0,0.302,9,*05ojj*,27845,670223.0,0.137,0.162,56.0,0.28600000000000003,0.036000000000000004,-17.0,28.0,0.698,0.541,98.0,0.792,0.3,0.263,0.49,-0.0249999999999999,-0.0519999999999999,-0.0119999999999999,18.0,3.6,5.0,87.1,10.5,96.3,53.018,49.2,48.019999999999996,38.031839999999995,49.980000000000004,14.994,Florence Y'alls
*05tzg*,2B,Jace Jung,DET,"2B,3B",Min,23,BOS Sun 12:40PM,45,10,5,0,3,16,0,0.594,13,*05tzg*,31437,690291.0,0.277,0.289,121.0,0.308,0.135,78.0,52.0,0.755,0.45,209.0,0.633,0.311,0.345,0.431,-0.0119999999999999,-0.0449999999999999,0.005,29.0,3.8,10.0,86.1,12.1,97.4,94.05,32.2,90.079,57.020007,118.92099999999999,36.984431,Florence Y'alls
*05tce*,2B,Connor Norby,MIA,2B,Min,24,@SF Sun 3:05PM,79,21,17,5,8,24,2,0.854,21,*05tce*,29592,681393.0,0.349,0.275,111.0,0.284,0.062,125.0,81.0,0.695,0.594,298.0,0.83,0.39899999999999997,0.358,0.45299999999999996,0.0749999999999999,0.132,0.059,53.0,8.6,19.0,84.4,17.2,97.2,177.012,43.1,134.994,112.04502,163.006,65.039394,Florence Y'alls
*0648z*,OF,Victor Scott,STL,OF,Min,23,@NYY Sun 12:35PM,132,22,10,2,8,39,5,0.484,44,*0648z*,31349,687363.0,0.214,0.247,74.0,0.275,0.036000000000000004,35.0,138.0,0.757,0.499,503.0,0.708,0.33799999999999997,0.344,0.435,-0.033,-0.0349999999999999,-0.0399999999999999,93.0,3.6,32.0,88.9,13.1,98.8,250.99699999999999,37.0,218.805,154.91394,284.195,96.05790999999999,Florence Y'alls
*042sz*,C,Will Smith,LAD,C,Act,29,@ARI Sun 3:10PM,407,99,63,17,66,92,0,0.754,109,*042sz*,19197,669257.0,0.322,0.33,91.0,0.198,0.09699999999999999,108.0,464.0,0.821,0.46299999999999997,1916.0,0.6920000000000001,0.297,0.41700000000000004,0.419,-0.008,-0.015,0.004,319.0,7.5,136.0,89.6,19.3,99.5,887.108,39.50000000000001,802.804,555.5403680000001,1113.196,330.61921199999995,The Authority
*04yk2*,1B,Spencer Torkelson,DET,1B,Act,25,BOS Sun 12:40PM,261,58,32,7,26,74,0,0.666,68,*04yk2*,27465,679529.0,0.288,0.28,96.0,0.257,0.07,86.0,284.0,0.775,0.44799999999999995,1191.0,0.6729999999999999,0.256,0.406,0.46,0.0079999999999999,0.011,0.009,186.0,4.2,76.0,89.5,20.4,100.1,533.568,41.699999999999996,547.86,368.70977999999997,643.14,164.64384,The Authority
*05jrh*,2B,Colt Keith,DET,"2B,3B",Act,23,BOS Sun 12:40PM,439,113,48,12,52,90,7,0.694,125,*05jrh*,27899,690993.0,0.305,0.322,105.0,0.187,0.066,98.0,470.0,0.8,0.48,1697.0,0.693,0.32299999999999995,0.361,0.425,-0.017,-0.0249999999999999,-0.017,349.0,4.3,126.0,87.7,11.0,98.7,814.56,37.0,721.225,499.808925,975.775,315.17532499999993,The Authority
*041qh*,3B,Jose Miranda,MIN,3B,Act,26,TOR Sun 1:10PM,345,103,42,9,48,52,2,0.813,105,*041qh*,20538,669304.0,0.349,0.321,115.0,0.14,0.048,129.0,372.0,0.8109999999999999,0.512,1332.0,0.73,0.36700000000000005,0.405,0.4,0.0279999999999999,0.0499999999999999,0.0329999999999999,296.0,5.4,120.0,89.4,15.1,99.8,681.984,36.29999999999999,532.8000000000001,388.944,799.1999999999999,293.3064,The Authority
*03qml*,SS,Dylan Moore,SEA,"2B,3B,SS,OF",Act,32,@LAA Sun 3:07PM,322,64,44,9,37,111,27,0.684,113,*03qml*,18042,664238.0,0.305,0.295,94.0,0.29100000000000004,0.113,103.0,382.0,0.774,0.424,1566.0,0.672,0.235,0.36700000000000005,0.433,0.01,0.0409999999999999,0.0,215.0,4.5,79.0,88.6,23.4,98.9,663.984,43.7,678.078,455.66841600000004,887.9219999999999,208.66166999999996,The Authority
*05rb1*,OF,Sal Frelick,MIL,OF,Act,24,@CIN Sun 11:10AM,406,109,60,2,28,68,16,0.682,122,*05rb1*,29622,686217.0,0.305,0.287,108.0,0.15,0.084,94.0,452.0,0.888,0.40299999999999997,1750.0,0.5479999999999999,0.292,0.196,0.434,0.018,0.0329999999999999,0.016,339.0,0.7,67.0,83.3,9.6,94.5,705.25,25.599999999999994,759.5,416.20599999999996,990.5000000000001,289.226,The Authority
*03pir*,OF,Kyle Tucker,HOU,OF,Act,27,KC Sun 1:10PM,214,57,42,19,40,41,10,0.979,60,*03pir*,18345,663656.0,0.413,0.414,86.0,0.156,0.17600000000000002,175.0,262.0,0.8220000000000001,0.406,1056.0,0.7040000000000001,0.192,0.446,0.41700000000000004,-0.001,0.017,-0.0179999999999999,174.0,9.2,78.0,91.0,21.6,100.4,428.73600000000005,51.2,440.35200000000003,310.00780800000007,615.6479999999999,118.20441599999998,The Authority
*05yaf*,OF,Jacob Young,WSH,OF,Act,25,CHC Sun 12:35PM,398,103,69,3,32,87,31,0.659,125,*05yaf*,29931,696285.0,0.291,0.294,109.0,0.196,0.055,86.0,439.0,0.828,0.43,1625.0,0.59,0.293,0.282,0.46399999999999997,-0.003,0.006,-0.009,319.0,1.1,90.0,85.4,3.9,96.5,698.75,29.7,754.0,444.85999999999996,871.0,255.20299999999997,The Authority
*04eep*,UT,Luis Campusano,SD,C,Act,25,@TB Sun 12:40PM,270,63,37,8,40,40,0,0.653,88,*04eep*,22217,669134.0,0.286,0.289,83.0,0.133,0.063,86.0,286.0,0.8109999999999999,0.516,974.0,0.701,0.364,0.336,0.45299999999999996,-0.003,0.015,-0.0119999999999999,229.0,3.5,77.0,87.5,9.8,98.3,502.584,33.699999999999996,441.222,309.29662199999996,532.778,193.931192,The Authority
*05m1e*,UT,Jackson Chourio,MIL,OF,Act,20,@CIN Sun 11:10AM,429,119,66,17,63,94,20,0.782,122,*05m1e*,28806,694192.0,0.329,0.332,107.0,0.205,0.059000000000000004,111.0,458.0,0.767,0.494,1664.0,0.682,0.35100000000000003,0.45799999999999996,0.43200000000000005,-0.003,0.007,-0.0119999999999999,334.0,5.0,154.0,89.7,7.3,101.0,822.016,33.1,718.8480000000001,490.2543360000001,945.1519999999999,331.748352,The Authority
*05yj1*,UT,Nolan Schanuel,LAA,1B,Res,22,SEA Sun 3:07PM,442,111,55,12,43,87,5,0.715,125,*05yj1*,33189,694384.0,0.319,0.324,100.0,0.168,0.11199999999999999,105.0,517.0,0.868,0.413,2017.0,0.635,0.252,0.253,0.42,-0.005,0.002,-0.009,363.0,2.7,92.0,86.2,9.4,95.4,833.021,38.3,847.14,537.9339,1169.8600000000001,294.80472000000003,The Authority
*04y94*,OF,Jonny Deluca,TB,OF,Res,26,SD Sun 12:40PM,261,51,20,4,26,64,13,0.572,85,*04y94*,26365,676356.0,0.252,0.278,85.0,0.225,0.07400000000000001,65.0,284.0,0.773,0.527,1028.0,0.7509999999999999,0.385,0.276,0.38799999999999996,-0.026,-0.019,-0.039,196.0,3.2,54.0,84.9,14.3,96.3,541.756,36.59999999999999,398.864,299.5468639999999,629.1360000000001,242.21736000000004,The Authority
*02mwj*,OF,Mitch Haniger,SEA,OF,Res,33,@LAA Sun 3:07PM,353,74,40,12,44,114,0,0.633,110,*02mwj*,14274,571745.0,0.281,0.303,95.0,0.29,0.094,87.0,393.0,0.701,0.43700000000000006,1631.0,0.6659999999999999,0.267,0.467,0.426,-0.0219999999999999,-0.039,-0.017,240.0,5.6,112.0,90.7,13.2,101.2,712.7470000000001,39.89999999999999,694.806,462.740796,936.1940000000001,249.96379800000003,The Authority
*04psu*,OF,James Outman,LAD,OF,Res,27,@ARI Sun 3:10PM,135,20,12,4,11,54,2,0.52,52,*04psu*,24770,681546.0,0.24,0.278,70.0,0.35100000000000003,0.09699999999999999,52.0,154.0,0.667,0.47700000000000004,624.0,0.713,0.307,0.38299999999999995,0.419,-0.038,-0.0519999999999999,-0.049,81.0,2.6,31.0,87.6,15.3,100.2,297.648,40.599999999999994,261.456,186.418128,362.544,111.301008,The Authority
*04o2x*,UT,Davis Schneider,TOR,"2B,OF",Res,25,@MIN Sun 1:10PM,338,66,40,10,37,120,6,0.627,115,*04o2x*,23565,676914.0,0.281,0.296,93.0,0.307,0.111,82.0,388.0,0.7290000000000001,0.42200000000000004,1684.0,0.6779999999999999,0.255,0.36,0.39399999999999996,-0.0149999999999999,-0.0209999999999999,-0.004,222.0,6.7,82.0,88.8,22.5,98.9,710.648,42.29999999999999,663.496,449.8502879999999,1020.5040000000001,260.22852000000006,The Authority
*05u2u*,UT,Tyler Black,MIL,2B,Min,24,@CIN Sun 11:10AM,49,10,4,0,2,17,3,0.561,18,*05u2u*,29949,672012.0,0.265,0.251,106.0,0.298,0.12300000000000001,67.0,57.0,0.7859999999999999,0.431,239.0,0.7,0.237,0.156,0.418,0.014,0.0199999999999999,0.0189999999999999,32.0,0.0,5.0,83.0,16.4,93.4,103.009,46.3,99.902,69.9314,139.098,32.966226,The Authority
*05ahe*,3B,Curtis Mead,TB,"2B,3B",Min,23,SD Sun 12:40PM,122,29,10,1,7,30,2,0.569,38,*05ahe*,23986,678554.0,0.255,0.282,107.0,0.22699999999999998,0.045,67.0,132.0,0.809,0.525,472.0,0.7140000000000001,0.41200000000000003,0.36200000000000004,0.373,-0.0269999999999999,-0.071,-0.004,93.0,3.0,34.0,88.8,16.3,99.4,247.8,30.200000000000003,176.056,125.70398400000002,295.944,121.92892800000001,The Authority
*05xu8*,3B,Tyler Locklear,SEA,"1B,3B",Min,23,@LAA Sun 3:07PM,45,7,3,2,3,20,1,0.536,16,*05xu8*,31396,682988.0,0.238,0.228,76.0,0.408,0.061,57.0,49.0,0.65,0.51,196.0,0.716,0.385,0.4,0.37799999999999995,0.0099999999999999,0.025,0.003,25.0,4.1,11.0,87.2,21.2,99.8,99.96000000000001,33.099999999999994,74.088,53.04700799999999,121.91200000000002,46.93612000000001,The Authority
*05g2r*,OF,Oscar Colas,CHW,OF,Min,25,NYM Sun 1:10PM,33,9,1,0,4,10,0,0.641,13,*05g2r*,30162,693049.0,0.3,0.299,137.0,0.263,0.105,93.0,38.0,0.757,0.514,144.0,0.655,0.419,0.435,0.40299999999999997,0.001,-0.0219999999999999,0.022,23.0,0.0,10.0,89.9,7.1,101.7,74.016,23.600000000000005,58.032,38.01096,85.96799999999999,36.02059199999999,The Authority
*04pmu*,C,Ryan Jeffers,MIN,C,Act,27,TOR Sun 1:10PM,343,81,48,20,59,77,3,0.785,101,*04pmu*,24618,680777.0,0.337,0.319,85.0,0.19699999999999998,0.07200000000000001,121.0,391.0,0.782,0.483,1506.0,0.6709999999999999,0.35600000000000004,0.331,0.40399999999999997,0.018,0.0549999999999999,0.001,272.0,6.4,91.0,86.7,16.1,99.1,727.398,31.49999999999999,608.424,408.25250399999993,897.5760000000001,319.53705600000006,The Geriatric and Injured
*05184*,1B,Vinnie Pasquantino,KC,1B,Act,26,@HOU Sun 1:10PM,496,130,64,19,97,71,1,0.76,131,*05184*,27676,686469.0,0.324,0.331,93.0,0.128,0.07200000000000001,106.0,554.0,0.875,0.47700000000000004,2136.0,0.674,0.33799999999999997,0.45799999999999996,0.41200000000000003,-0.007,0.003,-0.004,439.0,5.6,204.0,91.0,14.6,101.0,1018.8720000000001,33.60000000000001,880.032,593.1415680000001,1255.9679999999998,424.51718399999993,The Geriatric and Injured
*04b00*,2B,Brice Turang,MIL,"2B,SS",Act,24,@CIN Sun 11:10AM,466,118,61,7,51,92,39,0.675,130,*04b00*,22186,668930.0,0.301,0.302,102.0,0.17600000000000002,0.085,92.0,516.0,0.888,0.456,2090.0,0.634,0.31,0.314,0.452,-0.001,0.009,-0.006,379.0,2.1,120.0,87.8,6.8,97.3,953.0400000000001,32.4,944.6800000000001,598.9271200000001,1145.3200000000002,355.04920000000004,The Geriatric and Injured
*030uc*,3B,Rafael Devers,BOS,3B,Act,27,@DET Sun 12:40PM,461,131,81,28,80,126,2,0.923,120,*030uc*,17350,646240.0,0.385,0.378,117.0,0.239,0.111,148.0,522.0,0.73,0.509,2062.0,0.752,0.332,0.54,0.423,0.007,0.0179999999999999,0.005,337.0,9.0,182.0,93.7,12.9,105.0,1049.558,42.0,872.226,655.913952,1189.774,395.00496799999996,The Geriatric and Injured
*02611*,SS,Francisco Lindor,NYM,SS,Act,30,@CHW Sun 1:10PM,557,150,93,28,79,112,25,0.828,136,*02611*,12916,596019.0,0.356,0.382,98.0,0.18,0.08,134.0,616.0,0.7929999999999999,0.486,2430.0,0.7190000000000001,0.302,0.47600000000000003,0.442,-0.026,-0.05,-0.0159999999999999,445.0,9.7,212.0,90.9,17.0,101.1,1180.98,41.70000000000001,1074.06,772.24914,1355.94,409.49388,The Geriatric and Injured
*040b5*,OF,Randy Arozarena,SEA,OF,Act,29,@LAA Sun 3:07PM,456,100,66,18,47,136,20,0.727,130,*040b5*,19290,668227.0,0.324,0.332,95.0,0.252,0.114,115.0,536.0,0.73,0.414,2274.0,0.624,0.275,0.43200000000000005,0.39799999999999996,-0.008,-0.003,-0.007,322.0,5.0,139.0,90.6,14.2,101.0,941.4359999999999,34.9,905.0519999999999,564.752448,1368.948,376.46070000000003,The Geriatric and Injured
*0513l*,OF,Brenton Doyle,COL,OF,Act,26,BAL Sun 2:10PM,475,130,78,22,66,137,25,0.815,130,*0513l*,25479,686668.0,0.348,0.345,113.0,0.256,0.08199999999999999,111.0,527.0,0.727,0.502,1900.0,0.759,0.33399999999999996,0.42200000000000004,0.395,0.003,0.0149999999999999,0.008,346.0,7.4,147.0,89.4,12.9,101.3,953.8,42.50000000000001,750.5,569.6295,1149.5,383.93299999999994,The Geriatric and Injured
*04fhb*,OF,Julio Rodriguez,SEA,OF,Act,23,@LAA Sun 3:07PM,446,115,52,13,44,129,18,0.688,117,*04fhb*,23697,677594.0,0.302,0.335,116.0,0.268,0.066,101.0,482.0,0.7090000000000001,0.536,1896.0,0.762,0.397,0.467,0.379,-0.033,-0.077,-0.014,315.0,6.4,148.0,90.9,9.2,103.3,1016.2560000000001,36.5,718.5840000000001,547.561008,1177.416,467.434152,The Geriatric and Injured
*01svq*,UT,Manny Machado,SD,3B,Act,32,@TB Sun 12:40PM,500,137,67,23,83,100,8,0.79,129,*01svq*,11493,592518.0,0.336,0.339,102.0,0.18600000000000003,0.071,120.0,538.0,0.7929999999999999,0.511,1992.0,0.75,0.32299999999999995,0.491,0.44,-0.003,0.002,-0.003,399.0,7.8,196.0,92.5,12.4,103.3,1017.912,42.7,876.48,657.36,1115.5200000000002,360.31296000000003,The Geriatric and Injured
*03cag*,UT,Kyle Schwarber,PHI,OF,Act,31,ATL Sun 6:10PM,474,113,88,28,82,166,5,0.817,125,*03cag*,16478,656941.0,0.355,0.365,101.0,0.28800000000000003,0.161,128.0,576.0,0.696,0.384,2399.0,0.605,0.228,0.5479999999999999,0.41200000000000003,-0.009,-0.0209999999999999,-0.005,312.0,7.3,171.0,93.8,15.6,105.0,921.216,37.7,988.388,597.97474,1410.6119999999999,321.619536,The Geriatric and Injured
*03pix*,C,Tyler Stephenson,CIN,C,Res,28,MIL Sun 11:10AM,374,98,62,18,55,83,1,0.813,115,*03pix*,17988,663886.0,0.348,0.333,98.0,0.198,0.09,118.0,420.0,0.812,0.428,1566.0,0.648,0.264,0.444,0.426,0.0149999999999999,0.0439999999999999,0.009,293.0,6.9,130.0,90.6,10.9,100.4,670.2479999999999,38.4,667.116,432.291168,898.8840000000001,237.30537600000005,The Geriatric and Injured
*01ual*,1B,Paul Goldschmidt,STL,1B,Res,36,@NYY Sun 12:35PM,508,122,60,20,55,150,8,0.703,129,*01ual*,9218,502671.0,0.305,0.324,102.0,0.271,0.075,96.0,550.0,0.747,0.47200000000000003,2311.0,0.6679999999999999,0.32,0.475,0.436,-0.019,-0.0409999999999999,-0.009,355.0,6.4,172.0,91.1,13.8,101.6,1090.7920000000001,34.79999999999999,1007.596,673.074128,1303.4040000000002,417.0892800000001,The Geriatric and Injured
*04pkr*,SS,Nico Hoerner,CHC,"2B,SS",Res,27,@WSH Sun 12:35PM,489,126,72,5,39,61,27,0.678,127,*04pkr*,21479,663538.0,0.301,0.311,95.0,0.111,0.076,94.0,541.0,0.887,0.47100000000000003,1984.0,0.633,0.35,0.28,0.426,-0.01,0.0,-0.017,428.0,1.1,121.0,85.5,10.1,96.1,934.464,28.300000000000004,845.184,535.001472,1138.816,398.5856,The Geriatric and Injured
*04yrs*,OF,Jhonkensy Noel,CLE,"3B,OF",Res,23,PIT Sun 12:40PM,128,33,22,13,26,45,0,0.935,46,*04yrs*,24257,678877.0,0.396,0.355,100.0,0.312,0.064,162.0,141.0,0.7040000000000001,0.545,509.0,0.672,0.47600000000000003,0.39799999999999996,0.354,0.041,0.1069999999999999,0.036,83.0,11.3,33.0,89.3,20.3,102.4,277.40500000000003,19.6,180.18599999999998,121.084992,328.814,156.515464,The Geriatric and Injured
*04ru5*,OF,Andy Pages,LAD,OF,Res,23,@ARI Sun 3:10PM,358,88,54,9,36,98,1,0.693,98,*04ru5*,24816,681624.0,0.302,0.315,105.0,0.249,0.066,94.0,394.0,0.7759999999999999,0.513,1536.0,0.732,0.33799999999999997,0.39799999999999996,0.444,-0.013,-0.0189999999999999,-0.002,264.0,7.1,105.0,88.3,21.0,100.2,787.9680000000001,39.4,681.984,499.212288,854.0160000000001,288.657408,The Geriatric and Injured
*02mwg*,UT,Jesse Winker,NYM,"OF,UT",Res,31,@CHW Sun 1:10PM,388,106,61,13,54,96,14,0.805,126,*02mwg*,13590,608385.0,0.346,0.33,110.0,0.212,0.124,124.0,453.0,0.8079999999999999,0.425,1828.0,0.6609999999999999,0.22899999999999998,0.381,0.45399999999999996,0.0159999999999999,0.0309999999999999,0.016,294.0,4.9,114.0,88.9,12.3,99.2,776.9,43.199999999999996,829.9119999999999,548.5718319999999,998.0880000000001,228.562152,The Geriatric and Injured
*04pvs*,SS,Blaze Alexander,ARI,"2B,SS",Min,25,LAD Sun 3:10PM,166,41,19,3,21,49,3,0.664,61,*04pvs*,23789,677942.0,0.297,0.26,113.0,0.265,0.081,88.0,185.0,0.7509999999999999,0.513,714.0,0.767,0.336,0.34700000000000003,0.409,0.0369999999999999,0.054,0.043,118.0,2.2,41.0,88.5,8.5,98.8,366.282,43.1,292.02599999999995,223.98394199999996,421.974,141.783264,The Geriatric and Injured
*03yrz*,C,William Contreras,MIL,C,Act,26,@CIN Sun 11:10AM,521,148,88,20,80,117,6,0.834,132,*03yrz*,20503,661388.0,0.36,0.361,113.0,0.19899999999999998,0.10300000000000001,132.0,583.0,0.746,0.47600000000000003,2279.0,0.743,0.293,0.493,0.40700000000000003,0.0,-0.017,0.0119999999999999,404.0,7.2,201.0,92.7,6.6,103.9,1084.804,45.0,927.5530000000001,689.1718790000001,1351.447,395.97397099999995,Heaters
*03pjd*,1B,Josh Naylor,CLE,1B,Act,27,PIT Sun 12:40PM,474,114,73,28,98,87,5,0.786,128,*03pjd*,18839,647304.0,0.334,0.336,83.0,0.16399999999999998,0.096,119.0,532.0,0.789,0.505,1886.0,0.752,0.353,0.426,0.382,-0.002,0.011,-0.016,386.0,6.6,165.0,90.2,11.3,101.2,952.4300000000001,39.900000000000006,720.452,541.779904,1165.548,411.438444,Heaters
*03pzn*,2B,Andres Gimenez,CLE,2B,Act,25,PIT Sun 12:40PM,485,122,57,6,53,79,25,0.632,128,*03pzn*,19950,665926.0,0.282,0.301,101.0,0.14800000000000002,0.045,82.0,528.0,0.7959999999999999,0.561,2017.0,0.758,0.409,0.27699999999999997,0.435,-0.019,-0.0249999999999999,-0.01,412.0,2.5,114.0,86.2,9.2,96.4,1131.537,34.900000000000006,877.395,665.06541,1139.6049999999998,466.0984449999999,Heaters
*01ub6*,3B,Jose Ramirez,CLE,3B,Act,31,PIT Sun 12:40PM,522,143,98,33,104,71,34,0.858,133,*01ub6*,13510,608070.0,0.361,0.33,92.0,0.121,0.081,137.0,571.0,0.8590000000000001,0.48700000000000004,2268.0,0.701,0.34700000000000003,0.402,0.396,0.0309999999999999,0.077,0.016,454.0,6.8,183.0,89.3,19.8,99.7,1104.516,35.39999999999999,898.128,629.587728,1369.872,475.3455840000001,Heaters
*02c68*,SS,Trea Turner,PHI,SS,Act,31,ATL Sun 6:10PM,398,119,70,15,48,79,14,0.805,95,*02c68*,16252,607208.0,0.347,0.315,116.0,0.182,0.052000000000000005,122.0,422.0,0.772,0.524,1638.0,0.762,0.36200000000000004,0.41200000000000003,0.405,0.0319999999999999,0.041,0.0369999999999999,318.0,4.7,131.0,89.3,10.9,99.6,858.312,40.0,663.3900000000001,505.5031800000001,974.6099999999999,352.80882,Heaters
*01uc9*,OF,Nick Castellanos,PHI,OF,Act,32,ATL Sun 6:10PM,517,128,65,19,73,117,5,0.722,136,*01uc9*,11737,592206.0,0.312,0.325,97.0,0.209,0.059000000000000004,99.0,556.0,0.7240000000000001,0.586,1967.0,0.8220000000000001,0.414,0.375,0.423,-0.013,-0.018,-0.015,400.0,5.8,150.0,88.1,15.2,99.3,1152.662,40.80000000000001,832.0409999999999,683.9377020000001,1134.9589999999998,469.8730259999999,Heaters
*03nmw*,OF,Ian Happ,CHC,OF,Act,30,@WSH Sun 12:35PM,469,113,77,23,76,147,11,0.807,129,*03nmw*,17919,664023.0,0.352,0.359,102.0,0.268,0.129,128.0,542.0,0.745,0.449,2298.0,0.693,0.264,0.45,0.431,-0.007,-0.0119999999999999,-0.005,322.0,7.9,145.0,91.0,14.9,101.8,1031.8020000000001,42.89999999999999,990.438,686.373534,1307.562,345.196368,Heaters
*04pqq*,OF,Matt Vierling,DET,"3B,OF",Act,27,BOS Sun 12:40PM,442,115,67,15,50,98,4,0.747,120,*04pqq*,21558,663837.0,0.322,0.314,105.0,0.205,0.059000000000000004,110.0,473.0,0.83,0.435,1916.0,0.66,0.256,0.397,0.444,0.008,0.028,-0.001,345.0,6.1,138.0,89.8,13.1,100.3,833.46,40.400000000000006,850.7040000000001,561.46464,1065.296,272.715776,Heaters
*01cfr*,UT,Carlos Santana,MIN,1B,Act,38,TOR Sun 1:10PM,433,103,51,18,56,86,4,0.745,125,*01cfr*,2396,467793.0,0.326,0.327,91.0,0.17300000000000001,0.106,114.0,490.0,0.7829999999999999,0.429,2025.0,0.6579999999999999,0.267,0.386,0.413,0.0,0.004,-0.005,347.0,5.1,134.0,89.0,15.6,99.3,868.725,39.09999999999999,836.3249999999999,550.3018499999998,1188.675,317.37622500000003,Heaters
*04pr1*,UT,Steven Kwan,CLE,OF,Act,26,PIT Sun 12:40PM,439,132,76,13,41,42,11,0.805,110,*04pr1*,24610,680757.0,0.354,0.33,109.0,0.085,0.085,132.0,482.0,0.9309999999999999,0.396,1918.0,0.608,0.223,0.22899999999999998,0.44799999999999995,0.0239999999999999,0.0499999999999999,0.016,397.0,2.1,91.0,86.2,14.9,95.0,759.528,38.5,859.2639999999999,522.432512,1058.736,236.09812800000003,Heaters
*05oxc*,UT,Henry Davis,PIT,"C,OF",Res,24,@CLE Sun 12:40PM,95,14,9,1,5,43,0,0.473,34,*05oxc*,29617,680779.0,0.23,0.235,88.0,0.389,0.12,42.0,108.0,0.6709999999999999,0.457,474.0,0.722,0.272,0.365,0.41,-0.0039999999999999,0.001,-0.003,51.0,2.8,19.0,86.2,13.3,98.2,216.618,44.99999999999999,194.33999999999997,140.31347999999997,279.66,76.06752000000002,Heaters
*031b2*,C,Jonah Heim,TEX,C,Res,29,OAK Sun 1:35PM,391,89,41,12,52,76,1,0.622,111,*031b2*,16930,641680.0,0.271,0.285,89.0,0.183,0.057999999999999996,73.0,415.0,0.8190000000000001,0.551,1481.0,0.785,0.369,0.39299999999999996,0.43799999999999994,-0.0139999999999999,-0.0309999999999999,-0.0079999999999999,313.0,4.8,123.0,89.0,14.0,99.0,816.0310000000001,41.6,648.6779999999999,509.2122299999999,832.3220000000001,307.126818,Heaters
*04pbp*,UT,Christopher Morel,TB,"2B,3B,OF",Res,25,SD Sun 12:40PM,462,91,55,21,56,139,8,0.655,130,*04pbp*,21897,666624.0,0.288,0.326,77.0,0.263,0.10800000000000001,86.0,529.0,0.685,0.46299999999999997,2052.0,0.7140000000000001,0.294,0.409,0.402,-0.038,-0.06,-0.033,323.0,6.8,132.0,89.2,15.0,101.4,950.0759999999999,42.00000000000001,824.904,588.9814560000001,1227.096,360.76622399999997,Heaters
*04ru7*,2B,Miguel Vargas,CHW,"2B,3B,OF",Res,24,NYM Sun 1:10PM,147,25,17,4,13,40,1,0.57,53,*04ru7*,20178,678246.0,0.248,0.271,66.0,0.24100000000000002,0.10800000000000001,56.0,166.0,0.81,0.445,710.0,0.695,0.267,0.262,0.415,-0.023,-0.027,-0.0199999999999999,107.0,3.6,28.0,85.3,20.2,95.9,315.95,42.8,294.65,204.78174999999996,415.34999999999997,110.89845,Heaters
*0513c*,3B,Joey Ortiz,MIL,"2B,3B",Res,26,@CIN Sun 11:10AM,355,84,45,9,45,84,7,0.723,116,*0513c*,25493,687401.0,0.322,0.316,96.0,0.2,0.122,106.0,410.0,0.848,0.39899999999999997,1706.0,0.565,0.268,0.39799999999999996,0.44,0.006,0.035,-0.001,274.0,3.4,109.0,87.9,10.7,99.7,680.694,29.699999999999992,750.64,424.11159999999995,955.3600000000001,256.03648000000004,Heaters
*02i1q*,SS,Orlando Arcia,ATL,SS,Res,30,@PHI Sun 6:10PM,460,104,41,15,41,103,1,0.648,131,*02i1q*,13185,606115.0,0.283,0.27,87.0,0.204,0.068,79.0,500.0,0.767,0.48200000000000004,1944.0,0.722,0.301,0.381,0.43,0.0129999999999999,0.0299999999999999,0.013,362.0,3.8,138.0,88.7,9.1,98.5,937.008,42.1,835.92,603.53424,1108.0800000000002,333.53208,Heaters
*05249*,UT,Austin Martin,MIN,"2B,SS,OF",Res,25,TOR Sun 1:10PM,207,51,40,1,16,40,7,0.648,83,*05249*,27462,668885.0,0.289,0.305,106.0,0.17600000000000002,0.079,88.0,227.0,0.813,0.45299999999999996,828.0,0.7170000000000001,0.23600000000000002,0.33899999999999997,0.452,-0.016,-0.0169999999999999,-0.02,168.0,0.9,58.0,87.2,12.0,96.8,375.08399999999995,48.10000000000001,374.25600000000003,268.34155200000004,453.744,107.08358400000002,Heaters
*03qr0*,UT,Cedric Mullins,BAL,OF,Res,29,@COL Sun 2:10PM,360,80,54,13,41,83,24,0.674,124,*03qr0*,17929,656775.0,0.292,0.273,88.0,0.20800000000000002,0.073,91.0,399.0,0.8190000000000001,0.508,1526.0,0.746,0.305,0.314,0.45899999999999996,0.0189999999999999,0.0459999999999999,0.008,279.0,3.3,90.0,86.9,23.5,97.5,775.208,44.1,700.434,522.523764,825.566,251.79763,Heaters
*05gtn*,UT,Tyler Soderstrom,OAK,1B,IR,22,@TEX Sun 1:35PM,146,32,12,7,20,45,0,0.711,49,*05gtn*,27467,691016.0,0.309,0.356,92.0,0.271,0.096,104.0,166.0,0.706,0.493,607.0,0.716,0.33,0.52,0.424,-0.0469999999999999,-0.0999999999999999,-0.0199999999999999,102.0,9.0,54.0,92.7,10.1,103.1,299.251,38.599999999999994,257.368,184.275488,349.63200000000006,115.37856000000002,Heaters
*05m49*,OF,Jung Hoo Lee,SF,OF,IR,26,MIA Sun 3:05PM,145,38,15,2,8,13,2,0.641,37,*05m49*,33824,808982.0,0.284,0.324,92.0,0.08199999999999999,0.063,83.0,158.0,0.915,0.436,569.0,0.579,0.31,0.41,0.467,-0.04,-0.0849999999999999,-0.0219999999999999,134.0,3.8,56.0,89.1,9.2,99.5,248.084,26.899999999999995,265.723,153.85361699999999,303.27699999999993,94.01586999999998,Heaters
*0612z*,3B,Trey Lipscomb,WSH,3B,Min,24,CHC Sun 12:35PM,184,38,20,1,10,38,11,0.515,58,*0612z*,31567,702358.0,0.238,0.262,86.0,0.185,0.078,50.0,205.0,0.767,0.499,749.0,0.701,0.34600000000000003,0.315,0.433,-0.024,-0.0459999999999999,-0.017,148.0,0.5,47.0,86.6,0.3,98.0,373.751,35.49999999999999,324.317,227.346217,424.68299999999994,146.940318,Heaters
*04ysv*,UT,Adael Amador,COL,"2B,SS",Min,21,BAL Sun 2:10PM,35,6,1,0,0,6,1,0.394,10,*04ysv*,27962,691182.0,0.176,0.257,70.0,0.16699999999999998,0.027999999999999997,-5.0,36.0,0.792,0.605,119.0,0.731,0.507,0.31,0.43700000000000006,-0.081,-0.133,-0.063,29.0,5.6,9.0,88.2,17.1,97.3,71.995,22.4,52.00300000000001,38.014193000000006,66.997,33.967479,Heaters
*04qnc*,C,Francisco Alvarez,NYM,C,Act,22,@CHW Sun 1:10PM,249,58,28,6,30,71,1,0.664,78,*04qnc*,26121,682626.0,0.295,0.273,103.0,0.261,0.078,92.0,268.0,0.725,0.461,1053.0,0.655,0.321,0.39799999999999996,0.41700000000000004,0.0219999999999999,0.0399999999999999,0.0199999999999999,176.0,3.7,70.0,88.1,6.6,100.4,485.43300000000005,33.4,439.10100000000006,287.61115500000005,613.899,197.061579,jstocs5
*02mwm*,1B,Matt Olson,ATL,1B,Act,30,@PHI Sun 6:10PM,509,119,66,25,77,152,0,0.758,136,*02mwm*,14344,621566.0,0.327,0.338,96.0,0.267,0.091,108.0,569.0,0.7559999999999999,0.502,2487.0,0.731,0.34,0.47100000000000003,0.415,-0.011,-0.006,-0.011,357.0,7.9,168.0,91.4,15.2,103.0,1248.474,39.099999999999994,1032.105,754.468755,1454.895,494.6643,jstocs5
*02zpf*,2B,Edmundo Sosa,PHI,"2B,3B,SS",Act,28,ATL Sun 6:10PM,223,60,32,7,29,57,7,0.768,79,*02zpf*,17022,624641.0,0.318,0.299,111.0,0.23800000000000002,0.042,103.0,239.0,0.705,0.561,919.0,0.757,0.441,0.373,0.381,0.02,0.0339999999999999,0.019,165.0,5.4,62.0,88.4,13.1,99.6,515.5590000000001,31.6,350.139,265.055223,568.861,250.867701,jstocs5
*045qo*,3B,Jazz Chisholm Jr.,NYY,"3B,OF",Act,26,STL Sun 12:35PM,472,123,63,22,64,131,28,0.782,123,*045qo*,20454,665862.0,0.332,0.319,106.0,0.253,0.085,112.0,517.0,0.7290000000000001,0.473,2085.0,0.6829999999999999,0.325,0.391,0.414,0.013,0.018,0.015,338.0,7.2,133.0,89.4,10.7,100.1,986.2049999999999,35.79999999999999,863.1899999999999,589.5587699999999,1221.8100000000002,397.0882500000001,jstocs5
*04lgp*,SS,Bobby Witt Jr.,KC,SS,Act,24,@HOU Sun 1:10PM,546,186,116,29,96,93,27,1.004,137,*04lgp*,25764,677951.0,0.419,0.417,128.0,0.153,0.073,172.0,600.0,0.804,0.516,2172.0,0.745,0.361,0.499,0.40399999999999997,0.002,0.003,0.013,457.0,11.0,229.0,93.2,15.6,104.3,1120.752,38.4,877.4879999999999,653.7285599999999,1294.5120000000002,467.31883200000004,jstocs5
*02w16*,OF,Anthony Santander,BAL,OF,Act,29,@COL Sun 2:10PM,504,119,79,39,88,109,2,0.822,131,*02w16*,14551,623993.0,0.346,0.331,78.0,0.196,0.079,129.0,556.0,0.8290000000000001,0.494,2306.0,0.6809999999999999,0.371,0.42200000000000004,0.396,0.0159999999999999,0.044,0.0019999999999999,396.0,8.6,168.0,89.7,23.7,100.3,1139.164,30.999999999999993,913.176,621.872856,1392.824,516.737704,jstocs5
*05rat*,OF,James Wood,WSH,OF,Act,21,CHC Sun 12:35PM,194,53,30,5,31,67,11,0.788,53,*05rat*,29518,695578.0,0.353,0.346,133.0,0.28800000000000003,0.12300000000000001,128.0,219.0,0.737,0.39,897.0,0.588,0.244,0.504,0.425,0.007,0.003,0.015,127.0,6.4,64.0,92.8,2.1,104.7,349.83,34.4,381.22499999999997,224.16029999999998,515.775,125.84909999999999,jstocs5
*041pz*,UT,Pete Alonso,NYM,1B,Act,29,@CHW Sun 1:10PM,518,126,78,30,76,140,3,0.8,136,*041pz*,19251,624413.0,0.34,0.347,92.0,0.237,0.1,123.0,582.0,0.78,0.42700000000000005,2336.0,0.626,0.293,0.447,0.40299999999999997,-0.0069999999999999,-0.0079999999999999,-0.009,378.0,8.1,171.0,89.6,14.4,102.6,997.4720000000001,33.300000000000004,941.4079999999999,589.3214079999999,1394.5919999999999,408.61545599999994,jstocs5
*04e2u*,UT,Brent Rooker,OAK,OF,Act,29,@TEX Sun 1:35PM,439,127,69,33,91,143,8,0.944,119,*04e2u*,19627,667670.0,0.396,0.402,123.0,0.289,0.105,165.0,494.0,0.6890000000000001,0.491,1932.0,0.74,0.33,0.508,0.39399999999999996,-0.006,-0.031,0.0079999999999999,295.0,10.7,150.0,92.2,19.0,103.8,948.612,41.0,761.208,563.29392,1170.7920000000001,386.36136000000005,jstocs5
*05yo5*,C,Ben Rice,NYY,"C,1B",Res,25,STL Sun 12:35PM,149,26,20,7,23,46,0,0.624,49,*05yo5*,29576,700250.0,0.273,0.342,66.0,0.263,0.114,75.0,175.0,0.778,0.45899999999999996,707.0,0.7490000000000001,0.251,0.37,0.418,-0.069,-0.1159999999999999,-0.063,108.0,9.7,40.0,90.1,18.0,99.8,324.513,49.80000000000001,295.526,221.34897400000003,411.47400000000005,103.27997400000001,jstocs5
*03qmh*,UT,Jake Cronenworth,SD,"1B,2B",Res,30,@TB Sun 12:40PM,501,125,67,16,78,100,4,0.732,132,*03qmh*,18036,630105.0,0.316,0.342,94.0,0.179,0.081,106.0,559.0,0.85,0.46,2297.0,0.679,0.278,0.375,0.45399999999999996,-0.026,-0.0439999999999999,-0.024,400.0,6.1,151.0,89.0,14.3,99.9,1056.6200000000001,40.1,1042.838,708.087002,1254.162,348.65703600000006,jstocs5
*0641c*,3B,Zach Dezenzo,HOU,"1B,3B",Res,24,KC Sun 1:10PM,48,10,4,1,4,16,0,0.567,16,*0641c*,31562,701305.0,0.266,0.305,105.0,0.292,0.063,72.0,48.0,0.718,0.48,177.0,0.7,0.299,0.419,0.452,-0.0389999999999999,-0.1129999999999999,0.002,31.0,6.3,13.0,87.7,13.6,100.4,84.96,40.099999999999994,80.004,56.0028,96.99600000000001,29.001804,jstocs5
*05xu5*,SS,Zach Neto,LAA,SS,Res,23,SEA Sun 3:07PM,458,115,59,20,66,114,25,0.764,132,*05xu5*,31347,687263.0,0.331,0.323,103.0,0.226,0.063,113.0,504.0,0.741,0.493,1884.0,0.682,0.35600000000000004,0.376,0.419,0.008,0.013,0.011,346.0,6.2,131.0,88.3,12.3,100.1,928.812,32.6,789.396,538.368072,1094.6039999999998,389.67902399999997,jstocs5
*04p10*,SS,Bryson Stott,PHI,"2B,SS",Res,26,ATL Sun 6:10PM,419,102,57,10,48,76,28,0.68,125,*04p10*,26294,681082.0,0.3,0.314,91.0,0.159,0.1,91.0,478.0,0.857,0.429,1938.0,0.5870000000000001,0.305,0.305,0.439,-0.014,-0.017,-0.014,351.0,2.9,107.0,87.1,14.7,97.2,831.4019999999999,28.20000000000001,850.782,499.4090340000001,1087.2179999999998,331.60148999999996,jstocs5
*03qyv*,OF,Jake McCarthy,ARI,OF,Res,27,LAD Sun 3:10PM,348,104,56,8,50,65,20,0.81,117,*03qyv*,21622,664983.0,0.354,0.328,117.0,0.163,0.07400000000000001,127.0,392.0,0.8240000000000001,0.478,1419.0,0.6759999999999999,0.321,0.244,0.442,0.0259999999999999,0.0579999999999999,0.0249999999999999,287.0,2.3,69.0,85.8,11.4,95.9,678.2819999999999,35.49999999999999,627.198,423.9858479999999,791.802,254.168442,jstocs5
*02bq2*,OF,Brandon Nimmo,NYM,OF,Res,31,@CHW Sun 1:10PM,476,110,73,18,72,134,12,0.748,126,*02bq2*,12927,607043.0,0.329,0.342,95.0,0.24,0.124,115.0,555.0,0.7859999999999999,0.44,2303.0,0.669,0.275,0.465,0.42,-0.013,-0.0159999999999999,-0.0159999999999999,342.0,5.8,159.0,91.7,11.4,101.4,1013.32,39.4,967.26,647.09694,1335.7400000000002,367.3285000000001,jstocs5
*03pji*,UT,KeBryan Hayes,PIT,3B,IR,27,@CLE Sun 12:40PM,365,85,38,4,25,75,11,0.573,96,*03pji*,18577,663647.0,0.255,0.278,94.0,0.18899999999999997,0.057999999999999996,59.0,396.0,0.8420000000000001,0.44799999999999995,1471.0,0.626,0.315,0.429,0.426,-0.022,-0.039,-0.0119999999999999,294.0,1.8,126.0,88.9,4.8,99.8,659.0079999999999,31.1,626.646,392.280396,844.354,265.97151,jstocs5
*04psr*,C,David Fry,CLE,"C,1B,OF",Act,28,PIT Sun 12:40PM,309,81,41,13,47,75,4,0.808,108,*04psr*,24934,681807.0,0.348,0.33,106.0,0.207,0.11,129.0,362.0,0.779,0.491,1401.0,0.7290000000000001,0.317,0.37799999999999995,0.42100000000000004,0.0189999999999999,0.0459999999999999,0.013,237.0,4.4,90.0,87.9,19.2,99.0,687.891,41.20000000000001,589.821,429.97950900000006,811.179,257.143743,Savannah Bananas
*026lz*,1B,Josh Bell,ARI,1B,Act,32,LAD Sun 3:10PM,495,122,55,18,61,106,0,0.722,129,*026lz*,13145,605137.0,0.314,0.312,94.0,0.192,0.08,99.0,552.0,0.7659999999999999,0.495,2033.0,0.76,0.32299999999999995,0.389,0.39399999999999996,0.002,0.0019999999999999,0.004,392.0,5.4,154.0,88.7,11.2,99.9,1006.335,43.7,801.002,608.76152,1231.9980000000003,397.935354,Savannah Bananas
*05yhg*,2B,Will Wagner,TOR,2B,Act,26,@MIN Sun 1:10PM,56,20,8,2,8,9,0,0.951,16,*05yhg*,29634,695238.0,0.339,0.317,123.0,0.17300000000000001,0.038,122.0,52.0,0.7879999999999999,0.473,220.0,0.6809999999999999,0.317,0.488,0.42700000000000005,0.022,0.036,0.016,41.0,5.8,20.0,90.3,3.3,101.0,104.05999999999999,36.39999999999999,93.94000000000001,63.97314,126.05999999999999,39.96102,Savannah Bananas
*05g3x*,3B,Maikel Garcia,KC,"2B,3B",Act,24,@HOU Sun 1:10PM,513,123,83,7,53,87,33,0.633,133,*05g3x*,22715,672580.0,0.279,0.312,96.0,0.153,0.065,74.0,554.0,0.861,0.429,2071.0,0.6459999999999999,0.248,0.434,0.455,-0.0329999999999999,-0.044,-0.031,433.0,3.2,189.0,90.8,7.4,100.3,888.459,39.79999999999999,942.3050000000001,608.72903,1128.695,279.91636,Savannah Bananas
*05ybv*,SS,Jackson Holliday,BAL,"2B,SS",Act,20,@COL Sun 2:10PM,134,24,23,5,20,51,2,0.572,39,*05ybv*,31781,702616.0,0.249,0.258,82.0,0.348,0.057,61.0,141.0,0.68,0.46,551.0,0.639,0.331,0.451,0.418,-0.008,-0.0099999999999999,-0.01,82.0,5.7,37.0,89.1,7.7,100.6,253.46,30.8,230.31799999999998,147.173202,320.682,106.14574200000001,Savannah Bananas
*05gsi*,OF,Ceddanne Rafaela,BOS,"SS,OF",Act,23,@DET Sun 12:40PM,476,121,65,14,63,126,17,0.685,133,*05gsi*,24262,678882.0,0.296,0.281,111.0,0.248,0.03,86.0,499.0,0.7090000000000001,0.609,1787.0,0.787,0.48100000000000004,0.36700000000000005,0.418,0.0159999999999999,0.023,0.018,354.0,4.8,131.0,86.6,14.9,98.1,1088.283,30.599999999999998,746.966,587.862242,1040.034,500.2563540000001,Savannah Bananas
*04y4e*,OF,Corbin Carroll,ARI,OF,Act,24,LAD Sun 3:10PM,491,112,99,19,63,103,22,0.741,132,*04y4e*,25878,682998.0,0.319,0.325,84.0,0.182,0.102,103.0,561.0,0.82,0.414,2138.0,0.626,0.27699999999999997,0.392,0.391,-0.006,0.0229999999999999,-0.0219999999999999,395.0,4.8,156.0,89.1,12.0,100.8,885.132,34.900000000000006,835.9580000000001,523.309708,1302.042,360.66563399999995,Savannah Bananas
*025he*,OF,George Springer,TOR,OF,Act,34,@MIN Sun 1:10PM,472,102,67,19,55,102,14,0.682,127,*025he*,12856,543807.0,0.301,0.331,83.0,0.191,0.1,96.0,529.0,0.774,0.496,1986.0,0.7609999999999999,0.28800000000000003,0.377,0.44,-0.03,-0.0419999999999999,-0.036,370.0,7.0,141.0,87.9,9.4,100.2,985.056,47.29999999999998,873.84,664.9922399999999,1112.16,320.30208000000005,Savannah Bananas
*03mew*,UT,Luis Arraez,SD,"1B,2B",Act,27,@TB Sun 12:40PM,543,168,70,4,39,26,7,0.728,128,*03mew*,18568,650333.0,0.316,0.329,107.0,0.046,0.032,105.0,569.0,0.94,0.49,2066.0,0.643,0.363,0.22399999999999998,0.452,-0.013,-0.0259999999999999,-0.008,517.0,1.6,120.0,86.2,13.5,94.8,1012.34,28.000000000000004,933.832,600.453976,1132.1680000000001,410.976984,Savannah Bananas
*03d6s*,UT,Matt Chapman,SF,3B,Act,31,MIA Sun 3:05PM,500,124,88,21,67,138,13,0.779,134,*03d6s*,16505,656305.0,0.335,0.346,101.0,0.244,0.106,117.0,566.0,0.792,0.44799999999999995,2388.0,0.6659999999999999,0.275,0.48200000000000004,0.442,-0.0109999999999999,-0.017,-0.01,363.0,8.1,175.0,93.3,16.1,104.5,1069.8239999999998,39.09999999999999,1055.496,702.960336,1332.5040000000001,366.43860000000006,Savannah Bananas
*0515v*,2B,David Hamilton,BOS,"2B,SS",Res,26,@DET Sun 12:40PM,294,73,47,8,28,80,33,0.697,98,*0515v*,27531,666152.0,0.304,0.285,111.0,0.252,0.069,91.0,317.0,0.772,0.449,1191.0,0.657,0.281,0.322,0.446,0.019,0.039,0.013,214.0,3.8,69.0,87.0,15.8,97.7,534.759,37.6,531.186,348.98920200000003,659.8140000000001,185.40773400000003,Savannah Bananas
*051wv*,UT,Pete Crow-Armstrong,CHC,OF,Res,22,@WSH Sun 12:35PM,282,65,31,7,37,68,26,0.668,97,*051wv*,27769,691718.0,0.291,0.286,95.0,0.218,0.055,87.0,307.0,0.7559999999999999,0.581,1075.0,0.774,0.424,0.37,0.449,0.005,0.014,0.002,219.0,4.9,81.0,89.0,18.0,98.9,624.5749999999999,35.0,482.675,373.59045000000003,592.3249999999999,251.14579999999995,Savannah Bananas
*060pm*,UT,Wyatt Langford,TEX,OF,Res,22,OAK Sun 1:35PM,399,96,49,8,54,91,12,0.675,108,*060pm*,33333,694671.0,0.295,0.32,102.0,0.205,0.086,90.0,443.0,0.802,0.433,1796.0,0.6509999999999999,0.27699999999999997,0.424,0.41600000000000004,-0.025,-0.0469999999999999,-0.012,311.0,5.9,132.0,89.1,17.9,100.8,777.668,37.39999999999999,747.1360000000001,486.385536,1048.864,290.535328,Savannah Bananas
*04en7*,UT,Garrett Mitchell,MIL,OF,Res,25,@CIN Sun 11:10AM,133,35,21,4,13,49,6,0.796,47,*04en7*,27555,669003.0,0.353,0.314,133.0,0.315,0.121,127.0,149.0,0.716,0.408,612.0,0.6890000000000001,0.191,0.373,0.436,0.0389999999999999,0.079,0.033,83.0,4.0,31.0,88.4,3.7,100.6,249.696,49.800000000000004,266.832,183.847248,345.168,65.927088,Savannah Bananas
*03oh0*,C,Willson Contreras,STL,C,IR,32,@NYY Sun 12:35PM,301,79,48,15,36,96,4,0.848,84,*03oh0*,11609,575929.0,0.37,0.366,114.0,0.268,0.126,140.0,358.0,0.67,0.49700000000000005,1383.0,0.736,0.33,0.46799999999999997,0.41200000000000003,0.004,0.007,0.001,205.0,6.4,96.0,91.6,14.2,103.7,687.3510000000001,40.599999999999994,569.796,419.369856,813.204,268.35732,Savannah Bananas
*01sea*,1B,Anthony Rizzo,NYY,1B,IR,35,STL Sun 12:35PM,264,59,32,8,28,48,0,0.63,70,*01sea*,3473,519203.0,0.279,0.289,85.0,0.165,0.065,80.0,291.0,0.833,0.499,1092.0,0.674,0.37799999999999995,0.33,0.408,-0.0099999999999999,-0.001,-0.011,218.0,3.1,72.0,86.3,14.8,97.7,544.908,29.60000000000001,445.53599999999994,300.29126399999996,646.464,244.36339199999998,Savannah Bananas
*02i2q*,SS,Carlos Correa,MIN,SS,IR,29,TOR Sun 1:10PM,279,86,51,13,47,53,0,0.896,75,*02i2q*,14162,621043.0,0.381,0.362,118.0,0.16699999999999998,0.095,152.0,317.0,0.826,0.442,1194.0,0.674,0.27699999999999997,0.45899999999999996,0.41600000000000004,0.019,0.046,0.024,230.0,6.9,106.0,90.6,9.5,103.0,527.748,39.70000000000001,496.70400000000006,334.7784960000001,697.2959999999999,193.15099199999997,Savannah Bananas
*04ooy*,SS,Marco Luciano,SF,SS,Min,22,MIA Sun 3:05PM,45,13,8,0,1,14,0,0.733,17,*04ooy*,25616,682617.0,0.32,0.307,142.0,0.292,0.063,107.0,48.0,0.775,0.4,200.0,0.674,0.16699999999999998,0.419,0.46,0.013,0.013,0.0199999999999999,31.0,2.1,13.0,86.4,12.5,99.6,80.0,50.70000000000001,92.0,62.008,108.0,18.035999999999998,Savannah Bananas
*0524l*,C,Yainer Diaz,HOU,C,Act,25,KC Sun 1:10PM,486,145,60,16,74,83,2,0.776,124,*0524l*,23003,673237.0,0.332,0.346,115.0,0.161,0.037000000000000005,118.0,510.0,0.7909999999999999,0.578,1750.0,0.784,0.447,0.467,0.389,-0.0139999999999999,-0.0239999999999999,-0.005,407.0,6.5,193.0,90.3,9.2,101.4,1011.4999999999999,33.7,680.75,533.708,1069.25,477.95475,Houston Buffalos
*04de1*,1B,Triston Casas,BOS,1B,Act,24,@DET Sun 12:40PM,136,34,20,8,18,49,0,0.805,38,*04de1*,22514,671213.0,0.352,0.323,120.0,0.322,0.11800000000000001,125.0,152.0,0.698,0.434,604.0,0.629,0.28800000000000003,0.405,0.43,0.0289999999999999,0.0429999999999999,0.035,84.0,5.9,34.0,89.7,11.2,100.6,262.136,34.099999999999994,259.71999999999997,163.36388,344.28000000000003,99.15264000000002,Houston Buffalos
*041sq*,2B,Tommy Edman,LAD,"2B,SS,OF",Act,29,@ARI Sun 3:10PM,39,10,5,0,1,7,3,0.602,11,*041sq*,19470,669242.0,0.249,0.237,98.0,0.179,0.026000000000000002,58.0,39.0,0.774,0.41600000000000004,149.0,0.649,0.272,0.387,0.38299999999999995,0.012,0.027,0.0159999999999999,31.0,0.0,12.0,88.9,16.5,96.7,61.98400000000001,37.7,57.06699999999999,37.036483,91.93299999999999,25.005776,Houston Buffalos
*031b3*,3B,Isiah Kiner-Falefa,PIT,"2B,3B,SS,OF",Act,29,@CLE Sun 12:40PM,366,99,43,8,40,61,9,0.704,110,*031b3*,16512,643396.0,0.309,0.286,106.0,0.154,0.038,100.0,390.0,0.875,0.457,1353.0,0.619,0.331,0.268,0.43799999999999994,0.023,0.041,0.023,306.0,2.1,84.0,85.5,9.3,96.2,618.321,28.799999999999997,592.6139999999999,366.8280659999999,760.3860000000001,251.68776600000004,Houston Buffalos
*050w9*,SS,Gunnar Henderson,BAL,"3B,SS",Act,23,@COL Sun 2:10PM,535,147,102,33,78,137,15,0.887,135,*050w9*,26289,683002.0,0.379,0.378,109.0,0.225,0.109,152.0,605.0,0.7829999999999999,0.444,2426.0,0.6890000000000001,0.254,0.542,0.435,0.002,0.022,-0.0119999999999999,397.0,7.6,215.0,92.8,8.6,104.0,1077.144,43.50000000000001,1055.31,727.10859,1370.6899999999998,348.15525999999994,Houston Buffalos
*05yfl*,OF,Joey Loperfido,TOR,OF,Act,25,@MIN Sun 1:10PM,189,42,21,4,21,72,3,0.645,63,*05yfl*,29630,694388.0,0.282,0.269,118.0,0.353,0.049,83.0,204.0,0.698,0.52,761.0,0.722,0.375,0.33899999999999997,0.41700000000000004,0.0129999999999999,0.0339999999999999,0.008,118.0,2.5,40.0,88.0,13.2,98.3,395.72,34.699999999999996,317.33700000000005,229.11731400000002,443.66299999999995,166.37362499999998,Houston Buffalos
*03d1m*,OF,David Peralta,SD,OF,Act,37,@TB Sun 12:40PM,198,54,29,7,25,40,2,0.763,75,*03d1m*,2136,444482.0,0.339,0.328,108.0,0.18899999999999997,0.075,122.0,212.0,0.7709999999999999,0.511,828.0,0.73,0.34299999999999997,0.409,0.434,0.011,0.029,0.0,154.0,4.2,64.0,88.2,9.4,99.6,423.108,38.7,359.352,262.32696,468.648,160.746264,Houston Buffalos
*02i11*,OF,Jorge Soler,ATL,"OF,UT",Act,32,@PHI Sun 6:10PM,413,96,68,17,52,120,1,0.755,117,*02i11*,14221,624585.0,0.331,0.344,96.0,0.249,0.126,114.0,477.0,0.7290000000000001,0.44799999999999995,1963.0,0.6659999999999999,0.305,0.415,0.395,-0.0129999999999999,-0.019,-0.0109999999999999,293.0,6.9,122.0,90.1,18.2,101.4,879.4239999999999,36.099999999999994,775.385,516.4064099999999,1187.615,362.222575,Houston Buffalos
*01u75*,UT,Salvador Perez,KC,"C,1B",Act,34,@HOU Sun 1:10PM,498,138,55,25,94,111,0,0.816,134,*01u75*,7304,521692.0,0.346,0.369,108.0,0.201,0.07,121.0,546.0,0.742,0.578,1943.0,0.7759999999999999,0.46299999999999997,0.43200000000000005,0.36700000000000005,-0.023,-0.066,-0.002,389.0,9.2,170.0,90.9,19.3,101.7,1123.0539999999999,31.299999999999994,713.0810000000001,553.350856,1229.919,569.452497,Houston Buffalos
*026qc*,UT,Joc Pederson,ARI,OF,Act,32,LAD Sun 3:10PM,317,90,56,21,60,92,6,0.944,113,*026qc*,11899,592626.0,0.404,0.398,112.0,0.235,0.132,161.0,387.0,0.772,0.434,1579.0,0.629,0.309,0.478,0.391,0.006,0.021,0.0039999999999999,227.0,8.5,110.0,92.9,16.6,103.1,685.286,32.0,617.389,388.33768100000003,961.611,297.137799,Houston Buffalos
*062z3*,2B,Brooks Baldwin,CHW,"1B,2B",Res,24,NYM Sun 1:10PM,111,24,9,2,8,30,4,0.581,32,*062z3*,31394,681460.0,0.255,0.273,98.0,0.254,0.051,61.0,118.0,0.774,0.5770000000000001,415.0,0.8009999999999999,0.40299999999999997,0.317,0.43700000000000006,-0.018,-0.0379999999999999,-0.009,82.0,3.4,26.0,87.3,26.1,96.9,239.45500000000004,39.8,181.35500000000002,145.265355,233.64499999999998,94.15893499999999,Houston Buffalos
*04mn5*,3B,Alec Bohm,PHI,"1B,3B",Res,28,ATL Sun 6:10PM,507,147,59,13,89,76,5,0.804,131,*04mn5*,21618,664761.0,0.345,0.354,107.0,0.136,0.068,121.0,557.0,0.852,0.495,1944.0,0.73,0.308,0.45799999999999996,0.442,-0.009,-0.005,-0.008,437.0,5.4,200.0,90.5,10.5,100.8,962.28,42.199999999999996,859.248,627.25104,1084.7520000000002,334.10361600000005,Houston Buffalos
*0406n*,UT,Andres Chaparro,WSH,"1B,3B",Res,25,CHC Sun 12:35PM,57,15,7,2,5,11,0,0.814,16,*0406n*,21797,665953.0,0.337,0.324,105.0,0.172,0.086,117.0,58.0,0.7390000000000001,0.5579999999999999,240.0,0.828,0.38799999999999996,0.302,0.38799999999999996,0.013,0.03,0.01,43.0,3.4,13.0,87.1,16.4,96.6,133.92,44.0,93.11999999999999,77.10336,146.88000000000002,56.98944,Houston Buffalos
*04n8z*,SS,Xavier Edwards,MIA,"2B,SS",Res,25,@SF Sun 3:05PM,172,60,25,1,17,31,22,0.864,47,*04n8z*,22266,669364.0,0.38,0.32,140.0,0.153,0.129,143.0,202.0,0.856,0.445,783.0,0.713,0.22699999999999998,0.262,0.447,0.06,0.085,0.0809999999999999,145.0,1.5,39.0,87.0,4.2,95.5,348.435,48.6,350.00100000000003,249.550713,432.99899999999997,98.29077299999999,Houston Buffalos
*05ajg*,SS,Ha-seong Kim,SD,"2B,3B,SS",Res,28,@TB Sun 12:40PM,403,94,60,11,47,77,22,0.7,121,*05ajg*,27506,673490.0,0.308,0.316,88.0,0.16399999999999998,0.12300000000000001,101.0,470.0,0.8590000000000001,0.37799999999999995,1983.0,0.581,0.215,0.354,0.44799999999999995,-0.008,0.01,-0.0159999999999999,333.0,3.4,118.0,87.9,15.1,98.6,749.5739999999998,36.6,888.3839999999999,516.1511039999999,1094.616,235.34243999999998,Houston Buffalos
*05jqi*,UT,Shay Whitcomb,HOU,SS,Res,25,KC Sun 1:10PM,28,7,1,0,4,6,0,0.721,11,*05jqi*,27789,694376.0,0.325,0.389,112.0,0.182,0.152,113.0,33.0,0.862,0.423,137.0,0.684,0.23800000000000002,0.5,0.41600000000000004,-0.064,-0.119,-0.0569999999999999,22.0,6.1,11.0,88.9,12.7,102.6,57.951,44.60000000000001,56.992000000000004,38.98252800000001,80.008,19.041904,Houston Buffalos
*0518b*,2B,Oliver Dunn,MIL,"2B,3B",IR,26,@CIN Sun 11:10AM,95,21,11,1,7,40,3,0.597,41,*0518b*,26295,686554.0,0.266,0.262,125.0,0.385,0.057999999999999996,68.0,104.0,0.69,0.44,418.0,0.65,0.242,0.446,0.486,0.004,-0.005,0.015,56.0,2.9,26.0,89.1,6.6,101.0,183.92,40.800000000000004,203.148,132.0462,214.852,51.994184,Houston Buffalos
*04yig*,SS,Brooks Lee,MIN,"3B,SS",IR,23,TOR Sun 1:10PM,99,25,8,2,15,16,3,0.642,26,*04yig*,31595,686797.0,0.281,0.294,97.0,0.145,0.08199999999999999,82.0,110.0,0.828,0.484,384.0,0.665,0.354,0.22399999999999998,0.419,-0.0129999999999999,-0.0249999999999999,0.003,85.0,3.6,19.0,85.2,11.5,95.4,185.856,31.100000000000005,160.896,106.99584,223.10399999999998,78.978816,Houston Buffalos
*03zbh*,OF,Fernando Tatis Jr.,SD,OF,IR,25,@TB Sun 12:40PM,308,86,50,14,36,71,8,0.821,80,*03zbh*,19709,665487.0,0.356,0.4,109.0,0.20600000000000002,0.087,133.0,345.0,0.7559999999999999,0.495,1241.0,0.743,0.308,0.534,0.429,-0.044,-0.085,-0.0299999999999999,238.0,9.6,128.0,93.2,11.0,103.8,614.295,43.5,532.389,395.565027,708.611,218.252188,Houston Buffalos
*025dn*,OF,Christian Yelich,MIL,OF,IR,32,@CIN Sun 11:10AM,270,85,44,11,42,58,21,0.909,73,*025dn*,11477,592885.0,0.391,0.376,124.0,0.184,0.127,152.0,315.0,0.799,0.455,1268.0,0.721,0.29100000000000004,0.465,0.382,0.015,0.023,0.017,214.0,5.4,100.0,91.1,5.2,103.0,576.94,42.99999999999999,484.37600000000003,349.235096,783.624,228.03458400000002,Houston Buffalos
*05uy1*,OF,Justyn-Henry Malloy,DET,"3B,OF",Min,24,BOS Sun 12:40PM,180,39,17,8,20,74,1,0.698,57,*05uy1*,29606,669234.0,0.306,0.27,110.0,0.363,0.10300000000000001,99.0,204.0,0.674,0.43700000000000006,879.0,0.68,0.24100000000000002,0.34600000000000003,0.446,0.0359999999999999,0.063,0.034,107.0,5.9,37.0,86.9,18.2,97.9,384.12300000000005,43.900000000000006,392.034,266.58312,486.96600000000007,117.35880600000003,Houston Buffalos
*05ahg*,C,Austin Wells,NYY,C,Act,25,STL Sun 12:35PM,282,73,37,12,42,67,1,0.795,94,*05ahg*,27562,669224.0,0.343,0.361,101.0,0.20199999999999999,0.12,124.0,326.0,0.754,0.5,1259.0,0.754,0.309,0.39399999999999996,0.43,-0.0179999999999999,-0.0259999999999999,-0.007,218.0,6.1,86.0,89.1,17.5,100.0,629.5,44.5,541.37,408.19298,717.6300000000001,221.74767000000003,Lakeland Flying Tigers
*05ub0*,2B,Zack Gelof,OAK,2B,Act,24,@TEX Sun 1:35PM,402,81,50,16,42,154,19,0.63,112,*05ub0*,29766,680869.0,0.277,0.276,97.0,0.344,0.075,82.0,442.0,0.654,0.499,1680.0,0.736,0.31,0.35200000000000004,0.444,0.001,0.008,0.005,253.0,5.2,89.0,88.8,14.5,98.4,838.32,42.6,745.92,548.99712,934.08,289.5648,Lakeland Flying Tigers
*05udp*,3B,Elly De La Cruz,CIN,"3B,SS",Act,22,MIL Sun 11:10AM,520,137,90,22,61,174,61,0.822,135,*05udp*,26668,682829.0,0.356,0.335,121.0,0.297,0.099,123.0,583.0,0.691,0.425,2311.0,0.627,0.285,0.46,0.41,0.0209999999999999,0.0349999999999999,0.02,346.0,7.4,159.0,91.9,10.3,103.1,982.175,34.2,947.51,594.08877,1363.4900000000002,388.59465000000006,Lakeland Flying Tigers
*05ua7*,SS,Jackson Merrill,SD,"SS,OF",Act,21,@TB Sun 12:40PM,473,137,67,20,77,90,16,0.81,133,*05ua7*,29490,701538.0,0.347,0.372,109.0,0.179,0.048,127.0,502.0,0.812,0.5660000000000001,1882.0,0.794,0.39299999999999996,0.442,0.431,-0.025,-0.046,-0.014,387.0,8.6,171.0,90.2,14.3,100.7,1065.2120000000002,40.10000000000001,811.1419999999999,644.046748,1070.858,420.84719399999994,Lakeland Flying Tigers
*05ras*,OF,Colton Cowser,BAL,OF,Act,24,@COL Sun 2:10PM,416,102,64,20,60,141,8,0.772,129,*05ras*,29591,681297.0,0.335,0.337,112.0,0.299,0.09,120.0,465.0,0.713,0.444,1888.0,0.667,0.273,0.462,0.433,-0.002,-0.008,0.007,277.0,8.4,131.0,90.8,12.7,101.9,838.272,39.4,817.504,545.275168,1070.4959999999999,292.245408,Lakeland Flying Tigers
*04ee8*,OF,Heliot Ramos,SF,OF,Act,24,MIA Sun 3:05PM,379,105,42,20,65,114,4,0.826,97,*04ee8*,22515,671218.0,0.354,0.344,117.0,0.275,0.08,130.0,415.0,0.7170000000000001,0.5,1630.0,0.7609999999999999,0.325,0.466,0.401,0.01,-0.007,0.03,266.0,10.1,124.0,91.0,9.3,102.8,815.0,43.59999999999999,653.63,497.4124299999999,976.37,317.32025,Lakeland Flying Tigers
*05gbf*,OF,Jordan Walker,STL,OF,Act,22,@NYY Sun 12:35PM,77,11,4,0,4,26,0,0.439,26,*05gbf*,27475,691023.0,0.21,0.292,72.0,0.27699999999999997,0.084,32.0,83.0,0.72,0.523,308.0,0.7809999999999999,0.33899999999999997,0.423,0.41600000000000004,-0.0819999999999999,-0.1139999999999999,-0.072,52.0,6.0,22.0,92.2,15.8,101.5,161.084,44.199999999999996,128.12800000000001,100.06796800000001,179.87199999999999,60.97660799999999,Lakeland Flying Tigers
*04mra*,UT,Ezequiel Tovar,COL,SS,Act,23,BAL Sun 2:10PM,552,150,73,21,63,170,4,0.762,132,*04mra*,24064,678662.0,0.325,0.288,119.0,0.29,0.031,95.0,583.0,0.684,0.619,2133.0,0.825,0.48100000000000004,0.39899999999999997,0.402,0.037,0.068,0.035,392.0,5.7,157.0,88.9,18.7,99.3,1320.327,34.39999999999999,857.466,707.40945,1275.5339999999999,613.531854,Lakeland Flying Tigers
*03zcx*,UT,Will Benson,CIN,OF,Act,26,MIL Sun 11:10AM,318,62,39,14,42,143,14,0.679,115,*03zcx*,21853,666181.0,0.294,0.273,100.0,0.39899999999999997,0.096,81.0,356.0,0.648,0.478,1516.0,0.748,0.263,0.41600000000000004,0.44299999999999995,0.0209999999999999,0.049,0.01,178.0,6.2,74.0,89.5,18.0,100.1,724.648,48.5,671.588,502.34782399999995,844.412,222.08035600000002,Lakeland Flying Tigers
*04t3y*,C,Alejandro Kirk,TOR,C,Res,25,@MIN Sun 1:10PM,266,64,19,5,41,40,0,0.659,83,*04t3y*,22581,672386.0,0.285,0.331,89.0,0.133,0.096,85.0,301.0,0.861,0.455,1187.0,0.685,0.29600000000000004,0.391,0.408,-0.046,-0.062,-0.017,230.0,6.0,91.0,90.0,9.8,99.8,540.085,38.9,484.296,331.74276000000003,702.7040000000001,208.00038400000005,Lakeland Flying Tigers
*03aay*,2B,Thairo Estrada,SF,"2B,SS",Res,28,MIA Sun 3:05PM,364,79,43,9,47,76,2,0.59,96,*03aay*,16426,642731.0,0.256,0.264,84.0,0.19899999999999998,0.026000000000000002,64.0,381.0,0.804,0.512,1309.0,0.6759999999999999,0.39399999999999996,0.317,0.418,-0.008,-0.0019999999999999,-0.011,290.0,3.7,92.0,86.2,10.5,97.3,670.208,28.199999999999996,547.1619999999999,369.88151199999993,761.8380000000001,300.164172,Lakeland Flying Tigers
*05xch*,3B,Junior Caminero,TB,3B,Res,21,SD Sun 12:40PM,63,16,7,3,7,16,2,0.779,17,*05xch*,28163,691406.0,0.313,0.304,111.0,0.25,0.078,108.0,64.0,0.7120000000000001,0.46299999999999997,240.0,0.636,0.36200000000000004,0.5579999999999999,0.36700000000000005,0.009,0.0179999999999999,0.011,43.0,6.3,24.0,90.3,-2.1,105.9,111.11999999999999,27.399999999999995,88.08000000000001,56.01888000000001,151.92000000000002,54.99504000000001,Lakeland Flying Tigers
*04si3*,SS,Brayan Rocchio,CLE,SS,Res,23,PIT Sun 12:40PM,323,66,44,6,27,73,9,0.598,120,*04si3*,23690,677587.0,0.271,0.278,86.0,0.19699999999999998,0.096,75.0,366.0,0.802,0.47700000000000004,1364.0,0.6829999999999999,0.33899999999999997,0.22899999999999998,0.402,-0.007,-0.007,-0.01,253.0,2.7,58.0,85.0,9.1,95.8,650.628,34.4,548.3280000000001,374.50802400000003,815.6719999999999,276.51280799999995,Lakeland Flying Tigers
*051b4*,OF,Jordan Beck,COL,OF,Res,23,BAL Sun 2:10PM,123,26,11,2,10,43,4,0.558,38,*051b4*,31431,687597.0,0.249,0.29,105.0,0.326,0.062,44.0,129.0,0.7040000000000001,0.545,464.0,0.75,0.396,0.32899999999999996,0.42200000000000004,-0.0409999999999999,-0.079,-0.0189999999999999,79.0,4.7,26.0,86.0,15.8,98.3,252.88000000000002,35.4,195.80800000000002,146.85600000000002,268.192,106.20403200000001,Lakeland Flying Tigers
*03wha*,OF,Ronald Acuna Jr.,ATL,OF,IR,26,@PHI Sun 6:10PM,192,48,38,4,15,53,16,0.716,49,*03wha*,18401,660670.0,0.322,0.348,110.0,0.239,0.122,104.0,222.0,0.753,0.47,905.0,0.746,0.268,0.475,0.42200000000000004,-0.0259999999999999,-0.065,-0.012,139.0,5.9,67.0,92.2,8.5,103.1,425.34999999999997,47.8,381.91,284.90486000000004,523.0899999999999,140.18812,Lakeland Flying Tigers
*04nb2*,OF,Riley Greene,DET,OF,IR,23,BOS Sun 12:40PM,415,107,67,19,56,127,4,0.824,112,*04nb2*,25976,682985.0,0.355,0.354,114.0,0.267,0.11699999999999999,133.0,472.0,0.755,0.431,1951.0,0.675,0.25,0.449,0.426,0.001,-0.005,0.007,286.0,8.1,129.0,91.0,11.4,101.8,840.881,42.50000000000001,831.126,561.01005,1119.874,279.9685,Lakeland Flying Tigers
*0596f*,UT,Heston Kjerstad,BAL,OF,IR,25,@COL Sun 2:10PM,69,18,6,3,12,24,1,0.791,28,*0596f*,31166,677008.0,0.343,0.294,125.0,0.29600000000000004,0.111,126.0,81.0,0.733,0.55,313.0,0.795,0.382,0.37799999999999995,0.406,0.049,0.07,0.055,45.0,3.7,17.0,89.6,11.9,99.5,172.15,41.300000000000004,127.078,101.02701,185.922,71.022204,Lakeland Flying Tigers
*05rfu*,1B,Kyle Manzardo,CLE,1B,Min,24,PIT Sun 12:40PM,82,17,4,0,7,23,0,0.571,30,*05rfu*,29794,700932.0,0.247,0.232,99.0,0.264,0.034,58.0,87.0,0.74,0.47600000000000003,355.0,0.667,0.321,0.36700000000000005,0.44799999999999995,0.0149999999999999,0.013,0.0279999999999999,60.0,5.7,22.0,89.0,22.0,98.9,168.98000000000002,34.6,159.04,106.07968,195.96,62.90316000000001,Lakeland Flying Tigers
*04hyc*,C,Ivan Herrera,STL,C,Act,24,@NYY Sun 12:35PM,187,53,26,3,21,43,4,0.731,58,*04hyc*,20599,671056.0,0.315,0.352,116.0,0.21,0.078,102.0,205.0,0.7829999999999999,0.441,805.0,0.626,0.294,0.396,0.442,-0.0369999999999999,-0.059,-0.0099999999999999,143.0,5.9,57.0,88.7,9.4,99.9,355.005,33.2,355.81,222.73706,449.19000000000005,132.06186,Moonstars
*03pjl*,1B,Ryan Mountcastle,BAL,1B,Act,27,@COL Sun 2:10PM,452,120,53,13,61,106,3,0.73,118,*03pjl*,18373,663624.0,0.314,0.337,111.0,0.21899999999999997,0.055999999999999994,106.0,485.0,0.778,0.561,1825.0,0.7759999999999999,0.405,0.447,0.42,-0.023,-0.035,-0.011,351.0,6.4,157.0,90.7,11.0,102.0,1023.825,37.09999999999999,766.5,594.804,1058.5000000000002,428.6925000000001,Moonstars
*03fi0*,2B,Ozzie Albies,ATL,2B,Act,27,@PHI Sun 6:10PM,361,93,47,8,46,61,8,0.717,90,*03fi0*,16556,645277.0,0.311,0.306,97.0,0.155,0.061,97.0,394.0,0.804,0.568,1512.0,0.856,0.375,0.319,0.401,0.005,0.0129999999999999,0.005,304.0,4.6,97.0,88.6,19.1,96.9,858.8159999999999,48.1,606.312,519.003072,905.688,339.633,Moonstars
*04071*,3B,Isaac Paredes,CHC,"1B,3B",Act,25,@WSH Sun 12:35PM,462,106,54,19,66,87,0,0.748,128,*04071*,20036,670623.0,0.328,0.302,84.0,0.161,0.11599999999999999,117.0,541.0,0.836,0.445,2400.0,0.6759999999999999,0.295,0.258,0.39399999999999996,0.026,0.06,0.015,376.0,3.7,97.0,84.7,23.3,95.8,1068.0,38.099999999999994,945.5999999999999,639.2255999999999,1454.4000000000003,429.04800000000006,Moonstars
*03btu*,SS,Willi Castro,MIN,"2B,3B,SS,OF",Act,27,TOR Sun 1:10PM,483,123,79,11,52,133,12,0.741,134,*03btu*,17338,650489.0,0.325,0.318,115.0,0.245,0.081,112.0,543.0,0.7240000000000001,0.511,2168.0,0.7340000000000001,0.359,0.366,0.40399999999999997,0.007,0.015,0.009,350.0,4.6,131.0,87.6,13.5,99.1,1107.848,37.500000000000014,875.872,642.8900480000001,1292.1280000000002,463.87395200000003,Moonstars
*0512e*,OF,Spencer Steer,CIN,"1B,3B,OF",Act,26,MIL Sun 11:10AM,489,115,65,19,85,115,22,0.749,134,*0512e*,26323,668715.0,0.326,0.322,90.0,0.204,0.11199999999999999,103.0,554.0,0.7959999999999999,0.44299999999999995,2238.0,0.6659999999999999,0.28300000000000003,0.39899999999999997,0.418,0.005,0.0269999999999999,-0.0089999999999999,373.0,4.3,149.0,87.8,16.5,99.2,991.4339999999999,38.29999999999999,935.4839999999999,623.0323439999999,1302.516,368.61202800000007,Moonstars
*04ggr*,OF,Jarred Kelenic,ATL,OF,Act,25,@PHI Sun 6:10PM,385,89,44,13,39,127,6,0.673,121,*04ggr*,22558,672284.0,0.292,0.303,104.0,0.304,0.067,84.0,418.0,0.68,0.5,1620.0,0.72,0.332,0.439,0.434,-0.011,-0.0179999999999999,-0.0079999999999999,262.0,5.7,115.0,89.6,15.2,100.1,810.0,38.8,703.08,506.2176,916.9200000000001,304.41744000000006,Moonstars
*03e5m*,OF,Bryan Reynolds,PIT,OF,Act,29,@CLE Sun 12:40PM,524,148,64,21,74,133,9,0.809,130,*03e5m*,19326,668804.0,0.351,0.355,116.0,0.22699999999999998,0.08,124.0,576.0,0.727,0.504,2186.0,0.757,0.34299999999999997,0.469,0.38799999999999996,-0.004,-0.0129999999999999,0.0059999999999999,392.0,6.6,185.0,90.2,9.7,101.4,1101.744,41.400000000000006,848.1679999999999,642.0631759999999,1337.832,458.876376,Moonstars
*04pse*,UT,Brendan Donovan,STL,"2B,OF",Act,27,@NYY Sun 12:35PM,498,131,54,11,61,67,4,0.721,129,*04pse*,24679,680977.0,0.315,0.327,96.0,0.12,0.069,103.0,548.0,0.866,0.43200000000000005,2075.0,0.633,0.27399999999999997,0.361,0.439,-0.012,-0.0239999999999999,-0.006,432.0,4.0,156.0,88.2,13.7,98.2,896.4000000000001,35.900000000000006,910.925,576.6155249999999,1164.0749999999998,318.95654999999994,Moonstars
*060x1*,UT,Wilyer Abreu,BOS,OF,Act,25,@DET Sun 12:40PM,330,89,53,14,53,103,7,0.836,107,*060x1*,23772,677800.0,0.356,0.323,121.0,0.27899999999999997,0.092,127.0,369.0,0.746,0.483,1506.0,0.71,0.319,0.502,0.42100000000000004,0.0329999999999999,0.059,0.038,231.0,7.3,117.0,91.6,20.5,101.7,727.398,39.099999999999994,634.0260000000001,450.15846000000005,871.9739999999999,278.15970599999997,Moonstars
*04mrn*,C,Bo Naylor,CLE,C,Res,24,PIT Sun 12:40PM,294,61,35,11,37,103,4,0.635,102,*04mrn*,21865,666310.0,0.276,0.257,95.0,0.316,0.07200000000000001,78.0,320.0,0.731,0.467,1330.0,0.6579999999999999,0.311,0.376,0.449,0.019,0.0419999999999999,0.0099999999999999,194.0,4.4,74.0,88.8,21.1,98.8,621.11,34.69999999999999,597.17,392.93785999999994,732.8299999999999,227.91012999999998,Moonstars
*03de9*,1B,Rhys Hoskins,MIL,1B,Res,31,@CIN Sun 11:10AM,381,81,48,22,68,120,3,0.711,108,*03de9*,16472,656555.0,0.309,0.302,82.0,0.275,0.095,97.0,432.0,0.774,0.43200000000000005,1858.0,0.612,0.284,0.41,0.45,0.007,0.0169999999999999,0.0109999999999999,265.0,7.9,109.0,88.2,21.4,99.5,802.6560000000001,32.800000000000004,836.1,511.6932,1021.9000000000001,290.2196,Moonstars
*041qb*,SS,Bo Bichette,TOR,SS,Res,26,@MIN Sun 1:10PM,306,68,29,4,30,63,5,0.595,80,*041qb*,19612,666182.0,0.262,0.305,93.0,0.19,0.06,69.0,331.0,0.81,0.564,1173.0,0.795,0.402,0.433,0.41200000000000003,-0.0429999999999999,-0.062,-0.037,245.0,3.3,106.0,89.5,7.5,101.0,661.5719999999999,39.300000000000004,483.276,384.20442,689.7239999999999,277.269048,Moonstars
*0310z*,UT,J.P. Crawford,SEA,SS,Res,29,@LAA Sun 3:07PM,302,60,44,9,32,79,5,0.637,80,*0310z*,15491,641487.0,0.286,0.316,84.0,0.22899999999999998,0.11900000000000001,90.0,345.0,0.833,0.409,1519.0,0.649,0.218,0.395,0.44299999999999995,-0.03,-0.0449999999999999,-0.035,223.0,4.9,89.0,88.5,12.8,99.3,621.271,43.10000000000001,672.9169999999999,436.72313299999996,846.0830000000001,184.44609400000002,Moonstars
*03d7g*,OF,Alex Verdugo,NYY,OF,Res,28,STL Sun 12:35PM,495,115,66,11,54,85,1,0.652,130,*03d7g*,17027,657077.0,0.285,0.311,89.0,0.155,0.08199999999999999,83.0,548.0,0.856,0.44,2084.0,0.627,0.276,0.36200000000000004,0.467,-0.026,-0.031,-0.0249999999999999,417.0,4.6,151.0,88.8,10.0,98.3,916.96,35.099999999999994,973.2280000000001,610.213956,1110.772,306.573072,Moonstars
*02btf*,OF,Mookie Betts,LAD,"2B,SS,OF",IR,31,@ARI Sun 3:10PM,353,105,61,14,55,48,13,0.88,90,*02btf*,13611,605141.0,0.381,0.371,106.0,0.114,0.133,147.0,405.0,0.868,0.38299999999999995,1676.0,0.634,0.217,0.39799999999999996,0.39799999999999996,0.01,0.0309999999999999,0.008,304.0,4.2,122.0,90.4,19.9,98.8,641.9079999999999,41.7,667.0479999999999,422.90843199999995,1008.9520000000001,218.942584,Moonstars
*04pt2*,OF,Lars Nootbaar,STL,OF,IR,26,@NYY Sun 12:35PM,279,65,28,8,29,62,5,0.7,84,*04pt2*,21454,663457.0,0.306,0.345,92.0,0.198,0.115,97.0,313.0,0.8320000000000001,0.384,1284.0,0.575,0.213,0.493,0.473,-0.0389999999999999,-0.077,-0.0269999999999999,215.0,6.4,106.0,91.7,5.9,102.0,493.056,36.199999999999996,607.332,349.2159,676.668,144.130284,Moonstars
*05gwr*,C,Drew Romo,COL,C,Min,23,BAL Sun 2:10PM,29,7,4,0,5,9,0,0.635,8,*05gwr*,27763,691011.0,0.24,0.198,113.0,0.321,0.036000000000000004,38.0,28.0,0.737,0.564,101.0,0.674,0.483,0.222,0.426,0.0419999999999999,0.0409999999999999,0.0549999999999999,18.0,3.6,4.0,81.0,9.3,93.5,56.96399999999999,19.100000000000005,43.025999999999996,28.999524,57.974000000000004,28.001442,Moonstars
*04ppl*,1B,Owen Miller,MIL,"1B,2B,3B",Min,27,@CIN Sun 11:10AM,27,5,2,0,3,8,0,0.407,14,*04ppl*,24655,680911.0,0.177,0.19,89.0,0.29600000000000004,0.0,8.0,27.0,0.698,0.515,103.0,0.6729999999999999,0.353,0.21100000000000002,0.505,-0.013,-0.0239999999999999,-0.008,19.0,0.0,4.0,89.6,9.7,97.1,53.045,31.999999999999996,52.015,35.006094999999995,50.985,17.997705,Moonstars
*04q2n*,C,Adley Rutschman,BAL,C,Act,26,@COL Sun 2:10PM,481,124,61,18,71,85,1,0.734,125,*04q2n*,26288,668939.0,0.319,0.331,97.0,0.157,0.09,109.0,535.0,0.843,0.451,2133.0,0.624,0.32299999999999995,0.377,0.425,-0.012,-0.012,-0.01,401.0,5.2,152.0,88.4,18.7,98.4,961.9830000000001,30.100000000000005,906.525,565.6716,1226.475,396.1514249999999,Rantiago
*01cgo*,1B,Freddie Freeman,LAD,1B,Act,34,@ARI Sun 3:10PM,461,132,72,19,78,85,6,0.868,124,*01cgo*,5361,518692.0,0.367,0.373,105.0,0.158,0.121,138.0,537.0,0.8170000000000001,0.494,2094.0,0.762,0.308,0.414,0.41,-0.006,-0.002,0.0,377.0,6.7,157.0,89.4,13.8,100.4,1034.436,45.4,858.54,654.20748,1235.4600000000003,380.52168000000006,Rantiago
*051dl*,2B,Edouard Julien,MIN,2B,Act,25,TOR Sun 1:10PM,217,47,31,7,18,86,6,0.67,77,*051dl*,27534,666397.0,0.301,0.297,112.0,0.344,0.13,96.0,247.0,0.715,0.386,1028.0,0.619,0.213,0.395,0.425,0.004,-0.008,0.0159999999999999,129.0,5.3,51.0,88.4,12.1,99.1,396.808,40.6,436.9,270.4411,591.0999999999999,125.90429999999998,Rantiago
*02w7p*,3B,Alex Bregman,HOU,3B,Act,30,KC Sun 1:10PM,503,131,67,21,61,74,3,0.762,125,*02w7p*,17678,608324.0,0.329,0.322,94.0,0.135,0.068,116.0,547.0,0.885,0.44799999999999995,2066.0,0.693,0.258,0.413,0.436,0.007,0.022,0.0,431.0,4.9,179.0,89.4,18.8,99.0,925.5679999999999,43.49999999999999,900.776,624.237768,1165.2240000000002,300.62779200000006,Rantiago
*04qk8*,SS,CJ Abrams,WSH,SS,Act,23,CHC Sun 12:35PM,493,120,73,18,62,116,27,0.745,125,*04qk8*,25768,682928.0,0.322,0.322,95.0,0.212,0.07,107.0,546.0,0.768,0.534,2060.0,0.722,0.391,0.395,0.43200000000000005,0.0,0.019,-0.009,377.0,4.8,150.0,88.2,15.2,99.4,1100.04,33.099999999999994,889.9200000000001,642.52224,1170.08,457.50128,Rantiago
*04aq4*,OF,Adolis Garcia,TEX,OF,Act,31,OAK Sun 1:35PM,489,108,61,21,64,142,11,0.674,130,*04aq4*,19287,666969.0,0.292,0.308,92.0,0.265,0.069,88.0,533.0,0.679,0.524,2072.0,0.764,0.374,0.47600000000000003,0.384,-0.016,-0.0279999999999999,-0.006,349.0,8.1,166.0,91.4,15.5,102.0,1085.728,39.0,795.648,607.875072,1276.352,477.35564800000003,Rantiago
*041q6*,OF,Nolan Jones,COL,OF,Act,26,BAL Sun 2:10PM,199,42,22,3,20,71,4,0.628,60,*041q6*,20529,666134.0,0.277,0.285,103.0,0.31,0.122,63.0,229.0,0.743,0.401,1008.0,0.569,0.278,0.45,0.424,-0.0079999999999999,-0.018,-0.002,129.0,3.1,58.0,88.0,8.9,101.1,404.208,29.099999999999994,427.392,243.18604799999997,580.6080000000001,161.40902400000004,Rantiago
*04esz*,OF,Chas McCormick,HOU,OF,Act,29,KC Sun 1:10PM,219,42,28,5,24,70,8,0.548,87,*04esz*,19599,676801.0,0.245,0.279,88.0,0.28800000000000003,0.066,57.0,243.0,0.695,0.528,925.0,0.775,0.35700000000000004,0.314,0.409,-0.034,-0.059,-0.0229999999999999,153.0,4.9,48.0,85.2,14.7,97.4,488.40000000000003,41.8,378.325,293.201875,546.675,195.16297500000002,Rantiago
*03atq*,UT,Willy Adames,MIL,SS,Act,28,@CIN Sun 11:10AM,516,132,81,27,95,147,15,0.807,136,*03atq*,15986,642715.0,0.344,0.35,103.0,0.251,0.11199999999999999,121.0,581.0,0.741,0.484,2303.0,0.728,0.298,0.39799999999999996,0.43200000000000005,-0.006,-0.0189999999999999,0.002,369.0,7.4,148.0,88.8,19.6,99.6,1114.652,43.0,994.8960000000001,724.2842880000001,1308.1039999999998,389.8149919999999,Rantiago
*03pje*,UT,Taylor Ward,LAA,OF,Act,30,SEA Sun 3:07PM,485,115,56,18,60,139,4,0.713,130,*03pje*,17548,621493.0,0.311,0.348,102.0,0.255,0.08800000000000001,99.0,545.0,0.769,0.433,2118.0,0.6779999999999999,0.237,0.429,0.446,-0.0369999999999999,-0.062,-0.016,352.0,8.3,152.0,91.0,16.7,100.0,917.0939999999999,44.099999999999994,944.628,640.457784,1173.372,278.089164,Rantiago
*02yh5*,2B,Amed Rosario,CIN,"2B,3B,SS,OF",Res,28,MIL Sun 11:10AM,296,88,26,3,31,58,11,0.735,89,*02yh5*,15518,642708.0,0.316,0.29,127.0,0.18600000000000003,0.028999999999999998,109.0,306.0,0.794,0.545,1063.0,0.7440000000000001,0.41,0.36,0.40399999999999997,0.027,0.029,0.0369999999999999,236.0,3.6,85.0,86.7,3.4,98.5,579.335,33.40000000000001,429.45199999999994,319.512288,633.5480000000001,259.75468,Rantiago
*03bud*,OF,Bryan De La Cruz,PIT,OF,Res,27,@CLE Sun 12:40PM,516,124,54,19,63,148,3,0.676,129,*03bud*,19600,650559.0,0.294,0.317,102.0,0.26899999999999996,0.049,85.0,546.0,0.73,0.536,2101.0,0.777,0.37,0.423,0.408,-0.023,-0.0479999999999999,-0.011,368.0,6.8,156.0,89.5,14.1,100.0,1126.136,40.7,857.208,666.050616,1243.7920000000001,460.20304000000004,Rantiago
*01vja*,OF,Max Kepler,MIN,OF,Res,31,TOR Sun 1:10PM,364,93,43,8,42,78,1,0.689,104,*01vja*,12144,596146.0,0.304,0.304,108.0,0.19899999999999998,0.055999999999999994,98.0,391.0,0.7809999999999999,0.52,1474.0,0.758,0.35600000000000004,0.36700000000000005,0.40700000000000003,0.0,0.0,0.01,285.0,4.6,105.0,88.8,16.7,99.6,766.48,40.199999999999996,599.918,454.737844,874.082,311.17319200000003,Rantiago
*01cdf*,OF,Giancarlo Stanton,NYY,OF,Res,34,STL Sun 12:35PM,345,83,42,23,60,113,0,0.783,93,*01cdf*,4949,519317.0,0.332,0.359,99.0,0.302,0.07200000000000001,116.0,374.0,0.698,0.46799999999999997,1502.0,0.647,0.34600000000000003,0.539,0.405,-0.0269999999999999,-0.05,-0.021,232.0,12.3,125.0,94.5,14.8,108.0,702.9359999999999,30.099999999999998,608.3100000000001,393.57657000000006,893.6899999999999,309.21674,Rantiago
*041z2*,OF,Jack Suwinski,PIT,OF,Res,26,@CLE Sun 12:40PM,247,45,29,9,26,79,9,0.588,88,*041z2*,22244,669261.0,0.259,0.295,76.0,0.285,0.09699999999999999,62.0,277.0,0.76,0.46399999999999997,1114.0,0.7140000000000001,0.261,0.382,0.449,-0.0359999999999999,-0.0449999999999999,-0.041,170.0,5.4,65.0,88.9,12.9,100.9,516.896,45.300000000000004,500.18600000000004,357.1328040000001,613.814,160.205454,Rantiago
*04eh9*,OF,Nelson Velazquez,KC,"OF,UT",Res,25,@HOU Sun 1:10PM,205,41,31,8,27,61,2,0.64,64,*04eh9*,23359,676369.0,0.28,0.307,83.0,0.265,0.083,75.0,230.0,0.6759999999999999,0.465,904.0,0.7340000000000001,0.29100000000000004,0.381,0.392,-0.0269999999999999,-0.039,-0.0169999999999999,147.0,5.7,56.0,88.2,17.4,99.4,420.36,44.300000000000004,354.368,260.10611200000005,549.632,159.942912,Rantiago
*02334*,UT,J.D. Martinez,NYM,UT,Res,37,@CHW Sun 1:10PM,379,96,43,16,65,126,0,0.777,104,*02334*,6184,502110.0,0.341,0.361,114.0,0.29,0.098,123.0,428.0,0.7,0.48700000000000004,1776.0,0.713,0.32899999999999996,0.46299999999999997,0.41100000000000003,-0.0199999999999999,-0.0449999999999999,-0.01,253.0,8.9,119.0,91.2,14.1,101.6,864.912,38.4,729.936,520.444368,1046.0639999999999,344.1550559999999,Rantiago
*03qjy*,2B,Brandon Lowe,TB,2B,IR,30,SD Sun 12:40PM,299,74,45,16,49,87,5,0.812,84,*03qjy*,18882,664040.0,0.343,0.36,100.0,0.263,0.094,128.0,331.0,0.701,0.539,1292.0,0.7959999999999999,0.34600000000000003,0.47100000000000003,0.428,-0.0169999999999999,-0.032,-0.015,208.0,8.5,98.0,90.7,15.0,101.9,696.388,44.99999999999999,552.976,440.16889599999996,739.0240000000001,255.70230400000005,Rantiago
*066lr*,3B,Graham Pauley,MIA,3B,Min,23,@SF Sun 3:05PM,32,4,4,2,5,15,0,0.438,13,*066lr*,31363,688363.0,0.183,0.215,45.0,0.469,0.0,16.0,32.0,0.75,0.514,140.0,0.726,0.284,0.529,0.521,-0.032,-0.016,-0.0529999999999999,17.0,3.1,9.0,85.8,17.7,98.9,71.96000000000001,44.2,72.94,52.95444,67.06,19.04504,Rantiago
*025i9*,C,J.T. Realmuto,PHI,C,Act,33,ATL Sun 6:10PM,317,83,42,11,37,81,1,0.736,81,*025i9*,11739,592663.0,0.322,0.34,109.0,0.235,0.065,106.0,341.0,0.787,0.505,1306.0,0.7140000000000001,0.345,0.447,0.434,-0.018,-0.04,-0.009,235.0,6.5,106.0,88.7,8.6,100.9,659.53,36.90000000000001,566.804,404.698056,739.196,255.02262,BurghtownOs
*04efi*,1B,Connor Wong,BOS,"C,1B",Act,28,@DET Sun 12:40PM,371,106,50,12,46,93,6,0.77,104,*04efi*,19896,657136.0,0.335,0.29,123.0,0.23199999999999998,0.055,113.0,401.0,0.741,0.516,1537.0,0.7490000000000001,0.325,0.35,0.451,0.045,0.073,0.0499999999999999,277.0,3.5,98.0,87.0,12.2,98.8,793.092,42.40000000000001,693.187,519.1970630000001,843.8129999999999,274.239225,BurghtownOs
*02bu9*,2B,Marcus Semien,TEX,2B,Act,33,OAK Sun 1:35PM,546,130,81,18,64,88,4,0.7,134,*02bu9*,12533,543760.0,0.306,0.322,89.0,0.147,0.09300000000000001,98.0,600.0,0.809,0.495,2201.0,0.7859999999999999,0.299,0.349,0.40399999999999997,-0.016,-0.015,-0.023,455.0,4.7,159.0,87.5,16.5,97.9,1089.495,48.699999999999996,889.204,698.9143439999999,1311.7960000000003,392.2270040000001,BurghtownOs
*04y44*,3B,Josh Jung,TEX,3B,Act,26,OAK Sun 1:35PM,122,31,12,4,9,33,3,0.671,31,*04y44*,26299,673962.0,0.287,0.288,110.0,0.262,0.024,85.0,126.0,0.703,0.535,460.0,0.75,0.35700000000000004,0.41100000000000003,0.452,-0.001,-0.0129999999999999,0.009,90.0,6.3,37.0,86.3,12.2,98.3,246.10000000000002,39.3,207.92000000000002,155.94,252.08,89.99256000000001,BurghtownOs
*02mw6*,SS,Corey Seager,TEX,SS,Act,30,OAK Sun 1:35PM,466,128,67,30,74,93,1,0.86,121,*02mw6*,13624,608369.0,0.365,0.397,100.0,0.175,0.102,139.0,520.0,0.789,0.527,1828.0,0.8220000000000001,0.312,0.493,0.42100000000000004,-0.032,-0.0659999999999999,-0.0169999999999999,373.0,11.2,188.0,92.1,13.5,103.2,963.356,51.0,769.5880000000001,632.6013360000001,1058.412,330.22454400000004,BurghtownOs
*03dgq*,OF,Ryan OHearn,BAL,"1B,OF",Act,31,@COL Sun 2:10PM,365,98,53,13,52,52,3,0.777,118,*03dgq*,16442,656811.0,0.336,0.367,98.0,0.128,0.098,122.0,407.0,0.85,0.46299999999999997,1571.0,0.6990000000000001,0.282,0.431,0.433,-0.0309999999999999,-0.059,-0.0189999999999999,313.0,6.1,136.0,90.4,12.5,100.4,727.3729999999999,41.70000000000001,680.2429999999999,475.48985700000003,890.757,251.19347399999995,BurghtownOs
*04ok3*,OF,Michael Toglia,COL,"1B,OF",Act,26,BAL Sun 2:10PM,309,67,51,21,46,111,6,0.778,91,*04ok3*,25845,669911.0,0.334,0.358,87.0,0.313,0.114,101.0,351.0,0.677,0.45299999999999996,1484.0,0.6990000000000001,0.29,0.495,0.39799999999999996,-0.0239999999999999,-0.037,-0.0239999999999999,199.0,9.7,99.0,92.1,16.3,102.4,672.252,40.900000000000006,590.632,412.851768,893.3680000000002,259.07672,BurghtownOs
*05rc3*,OF,Masataka Yoshida,BOS,OF,Act,31,@DET Sun 12:40PM,307,90,38,9,48,45,1,0.795,87,*05rc3*,31837,807799.0,0.348,0.329,111.0,0.131,0.07,122.0,343.0,0.865,0.436,1321.0,0.648,0.261,0.39799999999999996,0.452,0.0189999999999999,0.025,0.0279999999999999,264.0,4.4,105.0,88.4,10.2,99.7,575.956,38.7,597.092,386.915616,723.908,188.939988,BurghtownOs
*01spl*,UT,Jurickson Profar,SD,OF,Act,31,@TB Sun 12:40PM,484,136,79,21,80,85,8,0.843,136,*01spl*,10815,595777.0,0.368,0.367,103.0,0.147,0.113,142.0,566.0,0.848,0.45,2325.0,0.703,0.26,0.434,0.429,0.002,0.013,-0.002,403.0,5.3,176.0,91.0,12.0,100.9,1046.25,44.3,997.425,701.1897749999999,1327.5749999999998,345.16949999999997,BurghtownOs
*01usi*,UT,Marcell Ozuna,ATL,UT,Act,33,@PHI Sun 6:10PM,512,157,85,37,98,148,0,0.955,136,*01usi*,10324,542303.0,0.407,0.414,123.0,0.253,0.10300000000000001,162.0,574.0,0.7090000000000001,0.473,2399.0,0.755,0.301,0.537,0.38,-0.007,-0.028,0.015,367.0,10.8,197.0,92.4,14.6,103.5,1134.7269999999999,45.4,911.62,688.2731,1487.3799999999999,447.70138,BurghtownOs
*03120*,OF,Cody Bellinger,CHC,"1B,OF",Res,29,@WSH Sun 12:35PM,422,112,55,14,57,70,9,0.747,106,*03120*,15998,641355.0,0.322,0.296,98.0,0.152,0.078,108.0,461.0,0.799,0.5,1650.0,0.69,0.353,0.318,0.436,0.026,0.0419999999999999,0.028,352.0,4.3,113.0,87.4,16.2,97.3,825.0,33.699999999999996,719.4,496.38599999999997,930.6000000000001,328.5018,BurghtownOs
*03m6o*,UT,Yandy Diaz,TB,1B,Res,33,SD Sun 12:40PM,493,136,47,12,59,82,0,0.737,124,*03m6o*,16578,650490.0,0.322,0.332,108.0,0.152,0.07400000000000001,114.0,540.0,0.8809999999999999,0.439,2124.0,0.662,0.257,0.496,0.447,-0.01,-0.0199999999999999,-0.001,415.0,5.7,207.0,92.5,5.0,103.4,932.436,40.5,949.428,628.521336,1174.572,301.865004,BurghtownOs
*052ru*,UT,Josh Smith,TEX,"3B,SS,OF",Res,27,OAK Sun 1:35PM,427,114,54,12,51,98,8,0.765,125,*052ru*,26396,669701.0,0.338,0.307,112.0,0.198,0.085,120.0,485.0,0.807,0.45799999999999996,1907.0,0.665,0.293,0.34700000000000003,0.445,0.031,0.061,0.028,331.0,2.5,116.0,87.3,15.6,97.8,873.406,37.2,848.615,564.328975,1058.385,310.10680499999995,BurghtownOs
*02bv2*,C,Eric Haase,MIL,"C,OF",Min,31,@CIN Sun 11:10AM,44,13,6,3,10,19,0,0.84,21,*02bv2*,14111,606992.0,0.362,0.289,154.0,0.40399999999999997,0.064,133.0,47.0,0.667,0.503,185.0,0.735,0.314,0.4,0.449,0.073,0.1039999999999999,0.0749999999999999,25.0,4.3,10.0,88.5,10.4,99.9,93.055,42.1,83.065,61.052775,101.93499999999999,32.00758999999999,BurghtownOs
*04nb4*,UT,Rece Hinds,CIN,"3B,OF",Min,23,MIL Sun 11:10AM,40,12,8,5,11,13,2,1.189,15,*04nb4*,27493,677956.0,0.496,0.422,108.0,0.27899999999999997,0.07,218.0,43.0,0.6709999999999999,0.5579999999999999,147.0,0.76,0.45399999999999996,0.40700000000000003,0.34,0.075,0.152,0.0469999999999999,27.0,14.0,11.0,91.8,17.7,104.2,82.026,30.600000000000005,49.980000000000004,37.98480000000001,97.01999999999998,44.04707999999999,BurghtownOs
*04y11*,OF,Luis Matos,SF,OF,Min,22,MIA Sun 3:05PM,138,30,12,4,24,18,0,0.571,40,*04y11*,26467,682641.0,0.244,0.275,75.0,0.126,0.027999999999999997,56.0,143.0,0.882,0.55,495.0,0.722,0.415,0.364,0.43799999999999994,-0.031,-0.0389999999999999,-0.033,121.0,2.8,44.0,87.0,14.5,98.1,272.25,30.7,216.80999999999997,156.53681999999998,278.19000000000005,115.44885000000002,BurghtownOs
*04y97*,OF,Kyle Stowers,MIA,OF,Min,26,@SF Sun 3:05PM,121,28,10,2,17,47,0,0.624,47,*04y97*,26151,669065.0,0.278,0.296,124.0,0.359,0.039,77.0,128.0,0.677,0.5660000000000001,494.0,0.838,0.385,0.45899999999999996,0.4,-0.0179999999999999,-0.031,0.0029999999999999,74.0,7.8,34.0,90.0,14.3,101.9,279.60400000000004,45.3,197.60000000000002,165.58880000000002,296.4,114.11399999999999,BurghtownOs
*04o78*,OF,Matt Wallner,MIN,OF,Min,26,TOR Sun 1:10PM,146,39,22,10,27,66,3,0.972,53,*04o78*,26466,670242.0,0.421,0.395,145.0,0.364,0.10400000000000001,180.0,173.0,0.611,0.466,690.0,0.73,0.287,0.563,0.40299999999999997,0.0269999999999999,0.0579999999999999,0.021,80.0,11.6,45.0,94.0,19.8,106.1,321.54,44.3,278.07,202.9911,411.93,118.22390999999999,BurghtownOs
