ID,Pos,Player,Team,Eligible,Status,Age,Opponent,IP,SV,HLD,K,ERA,WHIP,W+QS,GP,FANTRAXID,IDFANGRAPHS,MLBID,TBF,FIP,xFIP,SIERA,K-BB%,HardHit%,BABIP+,Stuff+,Location+,Pitching+,CSW%,Pitches,K%,BB%,est_woba_minus_woba_diff,era_minus_xera_diff,bip,brl_percent,ev95plus,avg_hit_speed,avg_hit_angle,team_name
*05ge9*,SP,Shota Imanaga,CHC,SP,Act,31,@COL Fri 7:40PM,160.1,0,0,159,3.03,1.017,30,27,*05ge9*,33829,684007.0,642.0,3.82,3.74,3.57,0.209,0.387,89.0,90.0,105.0,104.0,0.273,2401.0,0.248,0.039,-0.0149999999999999,-0.509,455.0,8.8,178.0,88.6,18.7,Bang Bang Scissor Gang
*03sef*,SP,Seth Lugo,KC,SP,Act,34,@PIT Fri 5:40PM,193.0,0,0,169,2.94,1.088,37,30,*03sef*,12447,607625.0,779.0,3.27,3.82,3.94,0.159,0.385,98.0,97.0,100.0,100.0,0.28300000000000003,2891.0,0.217,0.057999999999999996,-0.0239999999999999,-0.812,556.0,7.9,214.0,88.5,10.3,Bang Bang Scissor Gang
*01gya*,RP,Aroldis Chapman,PIT,RP,Act,36,KC Fri 5:40PM,56.0,8,22,91,4.18,1.446,5,62,*01gya*,10233,547973.0,247.0,3.28,3.31,3.34,0.21100000000000002,0.41700000000000004,114.0,132.0,95.0,104.0,0.318,1067.0,0.368,0.158,0.021,0.939,115.0,7.8,48.0,90.7,12.8,Bang Bang Scissor Gang
*041am*,RP,Lucas Erceg,KC,RP,Act,29,@PIT Fri 5:40PM,56.0,11,18,64,3.54,1.071,2,56,*041am*,19360,668674.0,231.0,2.71,3.23,2.94,0.212,0.322,104.0,109.0,101.0,104.0,0.312,861.0,0.27699999999999997,0.065,-0.0209999999999999,0.246,146.0,6.2,47.0,85.7,6.8,Bang Bang Scissor Gang
*04aqc*,P,David Bednar,PIT,RP,Act,29,KC Fri 5:40PM,51.2,23,2,53,5.92,1.413,3,55,*04aqc*,19569,670280.0,235.0,4.59,4.63,4.01,0.132,0.389,98.0,128.0,98.0,106.0,0.281,912.0,0.226,0.094,-0.004,1.463,156.0,9.6,61.0,89.9,17.4,Bang Bang Scissor Gang
*031bl*,P,Kyle Finnegan,WSH,RP,Act,33,MIA Fri 5:45PM,58.0,36,0,56,3.41,1.276,3,59,*031bl*,15009,640448.0,244.0,4.3,3.77,3.7,0.14800000000000002,0.488,96.0,100.0,105.0,102.0,0.261,968.0,0.23,0.08199999999999999,-0.014,-0.716,168.0,7.1,82.0,91.3,11.5,Bang Bang Scissor Gang
*01scl*,P,Craig Kimbrel,BAL,RP,Act,36,@DET Fri 5:40PM,51.2,23,4,71,4.35,1.277,7,56,*01scl*,6655,518886.0,224.0,4.16,3.95,3.45,0.188,0.429,95.0,113.0,96.0,101.0,0.299,932.0,0.317,0.129,-0.015,0.275,119.0,10.1,51.0,90.9,17.6,Bang Bang Scissor Gang
*03h90*,P,Hector Neris,HOU,RP,Act,35,@LAA Fri 8:38PM,51.2,17,4,52,3.83,1.413,9,54,*03h90*,11804,593576.0,225.0,4.3,4.52,4.25,0.111,0.428,98.0,85.0,98.0,99.0,0.247,898.0,0.231,0.12,-0.013,-0.778,144.0,9.7,62.0,89.3,14.1,Bang Bang Scissor Gang
*041rd*,SP,Corbin Burnes,BAL,SP,Res,29,@DET Fri 5:40PM,175.1,0,0,157,3.18,1.146,33,29,*041rd*,19361,669203.0,718.0,3.71,3.67,3.89,0.159,0.32,98.0,117.0,103.0,107.0,0.27899999999999997,2740.0,0.21899999999999997,0.06,-0.009,-0.307,516.0,6.8,165.0,87.5,10.9,Bang Bang Scissor Gang
*05oqe*,SP,Ty Madden,DET,SP,Res,24,BAL Fri 5:40PM,14.0,0,0,10,2.57,1.214,1,3,*05oqe*,30140,680744.0,60.0,2.82,4.98,4.51,0.1,0.35600000000000004,102.0,96.0,100.0,100.0,0.243,226.0,0.16699999999999998,0.067,-0.019,-0.619,45.0,4.4,16.0,90.2,15.9,Bang Bang Scissor Gang
*02iug*,P,Michael Wacha,KC,SP,Res,33,@PIT Fri 5:40PM,151.0,0,0,130,3.34,1.185,26,26,*02iug*,14078,608379.0,618.0,3.73,4.14,4.18,0.146,0.327,102.0,91.0,102.0,99.0,0.263,2331.0,0.21,0.065,-0.018,-0.882,442.0,8.1,146.0,86.9,15.2,Bang Bang Scissor Gang
*03dbm*,SP,Logan Webb,SF,SP,Res,27,SD Fri 9:15PM,189.2,0,0,157,3.46,1.228,31,30,*03dbm*,17995,657277.0,778.0,2.96,3.28,3.62,0.14300000000000002,0.46799999999999997,107.0,112.0,105.0,107.0,0.284,2928.0,0.20199999999999999,0.059000000000000004,-0.037,-0.876,573.0,7.2,269.0,90.0,2.3,Bang Bang Scissor Gang
*031d4*,RP,Zack Littell,TB,"SP,RP",Res,28,@CLE Fri 6:10PM,138.2,0,0,122,3.89,1.334,14,26,*031d4*,15823,641793.0,593.0,4.16,4.2,4.17,0.153,0.395,113.0,82.0,103.0,98.0,0.262,2233.0,0.20600000000000002,0.052000000000000005,0.003,-0.626,434.0,9.2,172.0,89.5,18.2,Bang Bang Scissor Gang
*02n2x*,RP,Paul Sewald,ARI,RP,Res,34,MIL Fri 8:40PM,39.2,16,1,43,4.31,1.134,1,42,*02n2x*,13892,623149.0,165.0,3.96,4.32,3.49,0.2,0.42200000000000004,96.0,118.0,100.0,103.0,0.28300000000000003,629.0,0.261,0.061,0.007,0.511,109.0,9.2,46.0,90.0,26.0,Bang Bang Scissor Gang
*03deg*,SP,Justin Steele,CHC,SP,IR,29,@COL Fri 7:40PM,128.0,0,0,131,3.09,1.086,16,22,*03deg*,17312,657006.0,527.0,3.14,3.58,3.68,0.184,0.327,92.0,99.0,103.0,102.0,0.278,1928.0,0.249,0.065,0.006,0.314,358.0,4.2,119.0,87.1,13.1,Bang Bang Scissor Gang
*03qo0*,RP,Pete Fairbanks,TB,RP,IR,30,@CLE Fri 6:10PM,45.1,23,1,44,3.57,1.169,3,46,*03qo0*,17998,664126.0,185.0,3.51,3.9,3.76,0.146,0.41100000000000003,94.0,123.0,98.0,104.0,0.302,696.0,0.23800000000000002,0.092,-0.0459999999999999,-0.416,124.0,5.6,51.0,89.1,15.3,Bang Bang Scissor Gang
*04mnw*,SP,Ryan Weathers,MIA,SP,Act,24,@WSH Fri 5:45PM,71.0,0,0,67,3.55,1.141,9,13,*04mnw*,23796,677960.0,298.0,3.94,3.81,3.82,0.158,0.409,92.0,94.0,96.0,98.0,0.281,1162.0,0.225,0.067,-0.02,-0.531,203.0,8.4,83.0,90.2,7.2,Aidand4
*05lg3*,SP,Brandon Pfaadt,ARI,SP,Act,25,MIL Fri 8:40PM,165.0,0,0,160,4.42,1.218,21,28,*05lg3*,27782,694297.0,687.0,3.54,3.65,3.74,0.18,0.392,105.0,107.0,106.0,107.0,0.287,2494.0,0.233,0.052000000000000005,0.008,0.728,486.0,7.4,194.0,89.3,14.4,Aidand4
*04c0o*,RP,Jose Soriano,LAA,"SP,RP",Act,25,HOU Fri 8:38PM,113.0,0,1,97,3.42,1.204,15,22,*04c0o*,22100,667755.0,468.0,3.81,3.83,4.04,0.111,0.43799999999999994,95.0,100.0,95.0,99.0,0.267,1739.0,0.207,0.096,-0.029,-0.705,316.0,6.6,140.0,89.9,-0.9,Aidand4
*02z0e*,RP,Yimi Garcia,SEA,RP,Act,34,TEX Fri 9:10PM,39.0,5,13,49,3.46,0.897,3,39,*02z0e*,12095,554340.0,153.0,3.74,3.64,2.92,0.242,0.344,71.0,118.0,104.0,111.0,0.292,620.0,0.32,0.078,-0.026,0.322,90.0,13.3,31.0,87.4,23.3,Aidand4
*041r1*,P,Jesus Luzardo,MIA,SP,Act,26,@WSH Fri 5:45PM,66.2,0,0,58,5.0,1.245,7,12,*041r1*,19959,666200.0,274.0,4.27,4.24,4.34,0.131,0.41100000000000003,96.0,95.0,98.0,98.0,0.28800000000000003,1084.0,0.212,0.08,-0.016,0.415,192.0,9.9,79.0,90.4,16.5,Aidand4
*0512m*,P,Ryan Pepiot,TB,"SP,RP",Act,27,@CLE Fri 6:10PM,115.0,0,0,119,3.76,1.174,16,23,*0512m*,26221,686752.0,467.0,4.18,4.17,3.97,0.16699999999999998,0.371,90.0,117.0,99.0,105.0,0.289,1887.0,0.253,0.086,-0.012,-0.166,301.0,9.3,112.0,89.1,18.7,Aidand4
*041w8*,P,Ian Hamilton,NYY,RP,Act,29,BOS Fri 6:05PM,32.1,0,9,34,4.18,1.454,0,29,*041w8*,19261,641656.0,139.0,3.24,4.25,3.99,0.122,0.385,125.0,118.0,101.0,101.0,0.327,535.0,0.223,0.10099999999999999,0.012,0.302,91.0,3.3,35.0,90.3,14.4,Aidand4
*0614c*,P,Jordan Leasure,CHW,RP,Act,26,OAK Fri 6:40PM,31.1,2,9,26,6.32,1.596,0,33,*0614c*,29950,673929.0,142.0,5.82,5.46,5.0,0.055999999999999994,0.35100000000000003,101.0,113.0,96.0,98.0,0.252,560.0,0.183,0.127,0.0229999999999999,1.359,97.0,7.2,34.0,88.8,17.8,Aidand4
*04ali*,SP,Edward Cabrera,MIA,SP,Res,26,@WSH Fri 5:45PM,83.0,0,0,90,4.88,1.398,8,17,*04ali*,21690,665795.0,357.0,4.86,3.96,4.29,0.132,0.466,97.0,102.0,97.0,99.0,0.281,1482.0,0.252,0.12,-0.01,0.14,221.0,8.6,103.0,90.0,10.9,Aidand4
*04aea*,SP,Hunter Greene,CIN,SP,Res,25,@MIN Fri 7:10PM,143.1,0,0,162,2.83,1.019,22,24,*04aea*,22182,668881.0,583.0,3.42,4.18,3.77,0.187,0.324,82.0,124.0,99.0,104.0,0.266,2453.0,0.278,0.091,-0.006,-0.154,349.0,4.9,115.0,87.3,20.5,Aidand4
*03dc4*,P,Freddy Peralta,MIL,SP,Res,28,@ARI Fri 8:40PM,158.1,0,0,179,3.81,1.219,21,29,*03dc4*,18679,642547.0,663.0,4.29,4.03,3.83,0.179,0.36,94.0,103.0,98.0,100.0,0.271,2780.0,0.27,0.09,0.001,-0.102,414.0,8.9,151.0,87.3,17.9,Aidand4
*03pp9*,RP,Josh Sborz,TEX,RP,Res,30,@SEA Fri 9:10PM,16.0,0,8,16,3.38,1.125,2,16,*03pp9*,18323,622250.0,66.0,2.74,3.44,3.29,0.182,0.37,102.0,111.0,101.0,103.0,0.289,273.0,0.242,0.061,-0.0459999999999999,-0.535,46.0,6.5,17.0,88.2,13.4,Aidand4
*0514o*,SP,Cody Bradford,TEX,"SP,RP",Res,26,@SEA Fri 9:10PM,65.2,0,0,60,3.97,0.959,12,12,*0514o*,27597,674003.0,261.0,3.83,3.95,3.82,0.192,0.363,84.0,91.0,106.0,101.0,0.299,996.0,0.23,0.038,-0.0289999999999999,0.255,190.0,10.0,69.0,89.1,19.7,Aidand4
*04eee*,SP,Drew Rasmussen,TB,"SP,RP",IR,29,@CLE Fri 6:10PM,19.1,0,3,22,2.79,1.086,0,11,*04eee*,25385,656876.0,78.0,1.68,2.93,2.92,0.218,0.33299999999999996,111.0,128.0,103.0,107.0,0.349,301.0,0.282,0.064,0.0069999999999999,0.613,51.0,0.0,17.0,86.2,7.5,Aidand4
*05xsm*,P,Chase Silseth,LAA,"SP,RP",IR,24,HOU Fri 8:38PM,8.0,0,0,12,6.75,1.5,0,2,*05xsm*,30074,681217.0,38.0,6.55,3.57,3.59,0.21100000000000002,0.455,93.0,103.0,96.0,98.0,0.341,167.0,0.316,0.105,-0.008,0.52,21.0,14.3,10.0,92.7,16.9,Aidand4
*05wbp*,SP,Nick Nastrini,CHW,SP,Min,24,OAK Fri 6:40PM,35.2,0,0,26,7.07,1.907,1,9,*05wbp*,29833,680897.0,174.0,7.38,7.38,7.19,-0.057,0.315,85.0,100.0,84.0,86.0,0.247,736.0,0.149,0.207,-0.011,0.585,111.0,12.6,35.0,87.7,23.5,Aidand4
*05143*,SP,Hunter Gaddis,CLE,"SP,RP",Act,26,TB Fri 6:10PM,66.2,0,32,61,1.49,0.75,4,70,*05143*,25636,683769.0,247.0,2.89,3.95,3.38,0.19,0.385,68.0,105.0,104.0,107.0,0.287,978.0,0.247,0.057,-0.043,-1.195,169.0,5.3,65.0,88.6,20.0,Montgomery Biscuits
*02hi7*,SP,Kevin Gausman,TOR,SP,Act,33,STL Fri 6:07PM,163.0,0,0,150,4.09,1.239,26,28,*02hi7*,14107,592332.0,684.0,3.89,4.17,4.18,0.146,0.415,101.0,94.0,105.0,104.0,0.261,2704.0,0.21899999999999997,0.073,-0.033,-0.784,481.0,10.4,201.0,90.2,16.2,Montgomery Biscuits
*04ggi*,RP,Andrew Kittredge,STL,RP,Act,34,@TOR Fri 6:07PM,63.0,1,33,60,2.86,1.127,4,66,*04ggi*,12828,552640.0,249.0,4.07,3.74,3.57,0.161,0.41,89.0,116.0,105.0,111.0,0.284,917.0,0.233,0.07200000000000001,-0.03,-1.405,173.0,9.2,71.0,89.6,12.4,Montgomery Biscuits
*051aa*,RP,Porter Hodge,CHC,"SP,RP",Act,23,@COL Fri 7:40PM,38.0,5,9,46,1.66,0.895,3,34,,,,,,,,,,,,,,,,,,,,,,,,,Montgomery Biscuits
*04apj*,P,Jhoan Duran,MIN,RP,Act,26,CIN Fri 7:10PM,48.1,23,6,56,4.1,1.159,6,53,*04apj*,21029,661395.0,203.0,3.05,2.82,2.6,0.212,0.37200000000000005,110.0,132.0,97.0,97.0,0.295,777.0,0.276,0.064,0.0259999999999999,1.267,129.0,3.9,48.0,87.2,-3.3,Montgomery Biscuits
*03djk*,P,Tanner Houck,BOS,SP,Act,28,@NYY Fri 6:05PM,169.2,0,0,150,3.24,1.167,27,28,*03djk*,19879,656557.0,710.0,3.35,3.57,3.73,0.145,0.424,101.0,108.0,100.0,105.0,0.292,2619.0,0.21100000000000002,0.066,-0.0379999999999999,-0.954,497.0,6.0,212.0,89.9,4.0,Montgomery Biscuits
*01svz*,P,Kenley Jansen,BOS,RP,Act,36,@NYY Fri 6:05PM,51.2,26,0,59,3.48,1.084,4,51,*01svz*,3096,445276.0,204.0,3.04,4.07,3.43,0.196,0.37799999999999995,98.0,120.0,106.0,111.0,0.29,748.0,0.284,0.08800000000000001,-0.0299999999999999,0.013,127.0,11.8,48.0,91.0,23.0,Montgomery Biscuits
*030vs*,P,Kirby Yates,TEX,RP,Act,37,@SEA Fri 9:10PM,55.2,29,2,79,1.29,0.844,6,55,*030vs*,9073,489446.0,215.0,2.49,3.02,2.75,0.251,0.33899999999999997,63.0,97.0,102.0,103.0,0.303,920.0,0.36700000000000005,0.11599999999999999,-0.0199999999999999,-0.527,108.0,4.6,37.0,88.1,14.7,Montgomery Biscuits
*04cwf*,SP,Shane Baz,TB,SP,Res,25,@CLE Fri 6:10PM,60.1,0,0,50,3.28,1.193,7,11,*04cwf*,22264,669358.0,248.0,4.27,4.62,4.67,0.105,0.42200000000000004,87.0,113.0,98.0,101.0,0.247,942.0,0.20199999999999999,0.09699999999999999,-0.018,-0.468,173.0,6.4,73.0,90.7,17.3,Montgomery Biscuits
*04s1h*,P,Luis Gil,NYY,SP,Res,26,BOS Fri 6:05PM,135.2,0,0,156,3.18,1.172,23,26,*04s1h*,21052,661563.0,567.0,3.82,4.25,4.18,0.152,0.35600000000000004,84.0,110.0,94.0,101.0,0.272,2394.0,0.275,0.12300000000000001,-0.0209999999999999,-0.486,333.0,9.3,120.0,89.0,18.5,Montgomery Biscuits
*03d7h*,P,Mitch Keller,PIT,SP,Res,28,KC Fri 5:40PM,163.2,0,0,153,3.85,1.265,25,28,*03d7h*,17594,656605.0,703.0,3.92,3.98,3.99,0.158,0.377,104.0,100.0,101.0,100.0,0.284,2586.0,0.218,0.06,0.012,-0.111,492.0,6.7,186.0,88.6,12.2,Montgomery Biscuits
*043f9*,SP,Pablo Lopez,MIN,SP,Res,28,CIN Fri 7:10PM,169.1,0,0,183,3.88,1.134,32,29,*043f9*,17085,641154.0,695.0,3.52,3.24,3.35,0.213,0.377,106.0,98.0,105.0,105.0,0.282,2697.0,0.263,0.05,0.006,0.39,468.0,8.1,178.0,87.8,13.2,Montgomery Biscuits
*05gwz*,SP,Bobby Miller,LAD,SP,Res,25,@ATL Fri 6:20PM,54.0,0,0,50,8.17,1.685,4,12,*05gwz*,27483,676272.0,244.0,7.14,4.76,4.87,0.086,0.485,105.0,113.0,93.0,97.0,0.243,989.0,0.205,0.11900000000000001,0.007,1.097,163.0,12.3,79.0,91.7,11.6,Montgomery Biscuits
*041ma*,RP,Cole Ragans,KC,"SP,RP",Res,26,@PIT Fri 5:40PM,173.1,0,0,211,3.32,1.148,30,30,*041ma*,21846,666142.0,712.0,2.99,3.42,3.43,0.212,0.35600000000000004,104.0,109.0,100.0,104.0,0.29100000000000004,2924.0,0.29600000000000004,0.084,-0.0049999999999999,0.033,436.0,6.4,156.0,88.4,15.7,Montgomery Biscuits
*02bqr*,SP,Blake Snell,SF,SP,Res,31,SD Fri 9:15PM,92.0,0,0,124,3.52,1.12,11,18,*02bqr*,13543,605483.0,376.0,2.7,3.23,3.39,0.221,0.28600000000000003,93.0,121.0,97.0,103.0,0.322,1588.0,0.33,0.109,-0.005,0.762,210.0,5.7,60.0,86.4,14.9,Montgomery Biscuits
*03i81*,SP,Reynaldo Lopez,ATL,"SP,RP",IR,30,LAD Fri 6:20PM,128.2,0,0,137,2.03,1.15,21,24,*03i81*,16400,625643.0,521.0,3.08,3.59,3.74,0.182,0.418,99.0,96.0,102.0,101.0,0.284,2029.0,0.263,0.081,-0.0359999999999999,-2.072,340.0,9.1,142.0,89.7,13.9,Montgomery Biscuits
*03ppa*,P,A.J. Minter,ATL,RP,IR,31,LAD Fri 6:20PM,34.1,1,9,35,2.62,1.019,5,39,*03ppa*,18655,621345.0,134.0,4.46,3.77,3.39,0.179,0.33299999999999996,75.0,106.0,102.0,103.0,0.29100000000000004,522.0,0.261,0.08199999999999999,-0.0079999999999999,-0.689,87.0,6.9,29.0,87.3,15.3,Montgomery Biscuits
*03et8*,SP,Ranger Suarez,PHI,SP,Act,29,NYM Fri 5:40PM,138.2,0,0,134,3.05,1.132,23,24,*03et8*,17277,624133.0,566.0,3.1,3.18,3.5,0.17800000000000002,0.345,100.0,82.0,104.0,101.0,0.268,2101.0,0.237,0.057999999999999996,-0.004,-0.34,393.0,4.8,136.0,86.9,6.4,Florence Y'alls
*02nax*,SP,Matt Strahm,PHI,"SP,RP",Act,32,NYM Fri 5:40PM,56.2,3,15,69,2.06,0.794,6,60,*02nax*,13799,621381.0,216.0,2.51,3.38,2.61,0.26899999999999996,0.374,80.0,104.0,106.0,109.0,0.29600000000000004,886.0,0.319,0.051,-0.0239999999999999,-0.575,131.0,6.9,49.0,89.5,21.9,Florence Y'alls
*02buh*,RP,Scott Barlow,(N/A),RP,Act,31,,55.0,2,19,68,4.25,1.364,3,63,*02buh*,14993,605130.0,241.0,4.03,3.8,3.71,0.154,0.326,102.0,108.0,92.0,92.0,0.299,1023.0,0.282,0.129,-0.009,0.155,138.0,5.8,45.0,86.2,9.0,Florence Y'alls
*03aqv*,RP,Raisel Iglesias,ATL,RP,Act,34,LAD Fri 6:20PM,61.0,31,0,62,1.18,0.656,5,57,*03aqv*,17130,628452.0,224.0,2.26,3.27,2.87,0.228,0.297,63.0,114.0,106.0,105.0,0.32299999999999995,818.0,0.27699999999999997,0.049,-0.049,-0.9,148.0,2.7,44.0,86.5,15.0,Florence Y'alls
*02c5l*,P,Luke Weaver,NYY,"SP,RP",Act,31,BOS Fri 6:05PM,76.2,1,22,86,3.17,0.965,5,57,*02c5l*,16918,596133.0,305.0,3.76,3.77,3.22,0.2,0.379,76.0,124.0,99.0,104.0,0.289,1261.0,0.282,0.08199999999999999,-0.0319999999999999,-0.47,190.0,8.4,72.0,88.9,16.0,Florence Y'alls
*02hxd*,P,Danny Coulombe,BAL,RP,Act,34,@DET Fri 5:40PM,26.0,1,13,28,2.42,0.615,1,29,*02hxd*,13293,543056.0,92.0,2.87,2.88,2.42,0.272,0.41,61.0,85.0,103.0,102.0,0.305,393.0,0.304,0.033,-0.0489999999999999,-0.027,61.0,4.9,26.0,88.9,13.2,Florence Y'alls
*03qto*,P,Evan Phillips,LAD,RP,Act,30,@ATL Fri 6:20PM,48.2,18,7,58,2.96,1.151,3,54,*03qto*,17734,623465.0,201.0,3.32,3.24,2.96,0.21899999999999997,0.32799999999999996,100.0,121.0,102.0,106.0,0.306,820.0,0.289,0.07,0.0049999999999999,-0.181,128.0,6.3,42.0,86.0,10.8,Florence Y'alls
*05r01*,P,Robert Suarez,SD,RP,Act,33,@SF Fri 9:15PM,58.0,32,1,54,2.48,1.017,8,58,*05r01*,30115,663158.0,230.0,3.16,3.81,3.48,0.174,0.401,86.0,138.0,102.0,109.0,0.239,865.0,0.235,0.061,-0.018,-0.407,162.0,7.4,65.0,88.9,16.8,Florence Y'alls
*02mwk*,SP,Jose Berrios,TOR,SP,Res,30,STL Fri 6:07PM,176.1,0,0,139,3.52,1.146,34,29,*02mwk*,14168,621244.0,719.0,4.7,4.29,4.34,0.127,0.42,91.0,91.0,103.0,99.0,0.27699999999999997,2650.0,0.193,0.067,-0.032,-1.278,518.0,7.5,219.0,89.6,13.7,Florence Y'alls
*05y23*,SP,Tanner Bibee,CLE,SP,Res,25,TB Fri 6:10PM,154.0,0,0,166,3.56,1.13,20,28,*05y23*,30134,676440.0,632.0,3.62,3.76,3.63,0.198,0.375,100.0,100.0,103.0,105.0,0.26899999999999996,2578.0,0.263,0.065,-0.008,-0.315,419.0,6.9,157.0,88.7,17.9,Florence Y'alls
*041e3*,SP,Braxton Garrett,MIA,SP,Res,27,@WSH Fri 5:45PM,37.0,0,0,34,5.35,1.189,4,7,*041e3*,21844,666129.0,161.0,3.82,3.5,3.46,0.18600000000000003,0.483,105.0,88.0,100.0,96.0,0.282,589.0,0.21100000000000002,0.025,-0.014,0.891,118.0,8.5,57.0,92.3,9.0,Florence Y'alls
*04yie*,SP,George Kirby,SEA,SP,Res,26,TEX Fri 9:10PM,172.0,0,0,166,3.77,1.122,28,30,*04yie*,25436,669923.0,711.0,3.4,3.58,3.56,0.203,0.366,106.0,107.0,106.0,106.0,0.266,2703.0,0.233,0.031,0.001,0.157,516.0,8.7,191.0,89.2,15.2,Florence Y'alls
*03pon*,SP,Triston McKenzie,CLE,SP,Res,27,TB Fri 6:10PM,75.2,0,0,74,5.11,1.559,6,16,*03pon*,18000,663474.0,340.0,6.47,5.42,5.22,0.07400000000000001,0.41700000000000004,90.0,99.0,90.0,90.0,0.259,1308.0,0.218,0.14400000000000002,-0.004,-0.545,215.0,13.0,90.0,90.7,20.0,Florence Y'alls
*02hg4*,SP,Marcus Stroman,NYY,SP,Res,33,BOS Fri 6:05PM,148.1,0,0,109,4.07,1.429,19,28,*02hg4*,13431,573186.0,642.0,4.66,4.56,4.8,0.076,0.385,106.0,92.0,96.0,94.0,0.249,2538.0,0.17,0.09300000000000001,-0.004,-0.805,464.0,6.7,182.0,89.2,10.1,Florence Y'alls
*03dbe*,P,Austin Gomber,COL,SP,Res,30,CHC Fri 7:40PM,152.0,0,0,108,4.5,1.263,16,27,*03dbe*,16561,596295.0,633.0,4.79,4.49,4.6,0.114,0.406,95.0,81.0,102.0,98.0,0.259,2399.0,0.171,0.057,-0.0139999999999999,-0.53,488.0,9.8,199.0,90.1,15.1,Florence Y'alls
*04pmm*,RP,Nick Sandlin,CLE,RP,Res,27,TB Fri 6:10PM,52.1,1,9,63,3.78,1.204,8,63,*04pmm*,20517,680704.0,220.0,4.97,4.22,3.58,0.17300000000000001,0.409,84.0,94.0,94.0,94.0,0.295,904.0,0.28600000000000003,0.114,-0.002,-0.347,127.0,11.0,52.0,91.0,18.6,Florence Y'alls
*04pn3*,SP,Josiah Gray,WSH,SP,IR,26,MIA Fri 5:45PM,8.1,0,0,9,14.04,2.4,0,2,*04pn3*,24580,680686.0,44.0,5.94,5.54,5.02,0.091,0.5,157.0,82.0,94.0,90.0,0.284,176.0,0.205,0.114,0.0979999999999999,7.88,30.0,13.3,15.0,90.3,22.2,Florence Y'alls
*05a2d*,SP,Max Meyer,MIA,SP,Min,25,@WSH Fri 5:45PM,57.0,0,0,46,5.68,1.421,6,11,*05a2d*,27474,676974.0,248.0,5.91,4.45,4.45,0.109,0.47200000000000003,98.0,97.0,98.0,101.0,0.245,968.0,0.185,0.077,0.0409999999999999,0.854,180.0,13.9,86.0,90.6,10.1,Florence Y'alls
*05wxw*,RP,Gordon Graceffo,STL,RP,Min,24,@TOR Fri 6:07PM,7.2,0,0,6,4.7,1.174,0,2,*05wxw*,29519,700669.0,31.0,4.09,4.37,4.18,0.129,0.391,93.0,83.0,94.0,90.0,0.23800000000000002,105.0,0.19399999999999998,0.065,-0.0259999999999999,-0.674,23.0,13.0,9.0,88.9,14.6,Florence Y'alls
*04t40*,SP,Brayan Bello,BOS,SP,Act,25,@NYY Fri 6:05PM,147.1,0,0,140,4.7,1.385,23,27,*04t40*,23920,678394.0,641.0,4.34,3.86,4.11,0.128,0.41100000000000003,108.0,102.0,100.0,104.0,0.284,2439.0,0.218,0.09,-0.001,0.244,433.0,7.2,178.0,88.7,6.0,The Authority
*05r8n*,SP,Yoshinobu Yamamoto,LAD,SP,Act,26,@ATL Fri 6:20PM,78.0,0,0,92,2.88,1.064,13,15,*05r8n*,33825,808967.0,316.0,2.51,2.77,3.03,0.237,0.43200000000000005,102.0,99.0,105.0,106.0,0.31,1251.0,0.29100000000000004,0.054000000000000006,-0.01,-0.285,206.0,7.3,89.0,88.7,8.1,The Authority
*04k0w*,RP,Camilo Doval,SF,RP,Act,27,SD Fri 9:15PM,52.0,22,3,68,5.02,1.635,5,55,*04k0w*,21992,666808.0,237.0,4.0,3.79,3.88,0.135,0.444,117.0,113.0,95.0,97.0,0.324,961.0,0.28300000000000003,0.14800000000000002,0.044,1.331,133.0,9.0,59.0,90.1,0.5,The Authority
*0689r*,RP,Yuki Matsui,SD,RP,Act,28,@SF Fri 9:15PM,61.0,0,9,66,3.84,1.148,4,61,*0689r*,33826,673513.0,249.0,4.0,4.03,3.66,0.161,0.376,82.0,110.0,96.0,99.0,0.273,1028.0,0.265,0.10400000000000001,0.0109999999999999,0.856,157.0,7.0,59.0,88.5,17.9,The Authority
*041x9*,P,Graham Ashcraft,CIN,SP,Act,26,@MIN Fri 7:10PM,77.1,0,0,57,5.24,1.5,8,15,*041x9*,27552,668933.0,350.0,4.83,4.57,4.68,0.086,0.42700000000000005,106.0,113.0,98.0,96.0,0.23600000000000002,1342.0,0.163,0.077,-0.0069999999999999,0.067,260.0,7.7,111.0,90.6,8.8,The Authority
*05144*,P,Hunter Brown,HOU,SP,Act,26,@LAA Fri 8:38PM,158.0,0,0,168,3.59,1.291,28,29,*05144*,25880,686613.0,665.0,3.61,3.47,3.74,0.168,0.305,110.0,103.0,101.0,101.0,0.268,2692.0,0.253,0.084,0.018,0.329,436.0,4.4,133.0,86.1,9.8,The Authority
*05mrx*,P,Gavin Stone,LAD,"SP,RP",Act,25,@ATL Fri 6:20PM,140.1,0,0,116,3.53,1.211,21,25,*05mrx*,27792,694813.0,580.0,4.02,4.03,4.21,0.136,0.36,96.0,100.0,103.0,101.0,0.265,2153.0,0.2,0.064,-0.006,-0.433,425.0,6.4,154.0,88.2,11.2,The Authority
*03aru*,P,Joel Payamps,MIL,RP,Act,30,@ARI Fri 8:40PM,52.1,6,17,48,3.44,1.032,3,60,*03aru*,14332,606303.0,212.0,4.17,4.17,3.82,0.146,0.44799999999999995,74.0,104.0,103.0,103.0,0.271,809.0,0.226,0.08,-0.06,-1.111,145.0,10.3,65.0,89.8,16.9,The Authority
*05jp9*,SP,Bryce Elder,ATL,SP,Res,25,LAD Fri 6:20PM,49.2,0,0,46,6.52,1.631,5,10,*05jp9*,27779,693821.0,226.0,4.56,3.96,4.13,0.128,0.447,124.0,94.0,99.0,98.0,0.28600000000000003,864.0,0.204,0.075,0.026,1.523,161.0,8.7,73.0,89.9,8.1,The Authority
*04yid*,SP,Ryne Nelson,ARI,SP,Res,26,MIL Fri 8:40PM,147.2,0,0,125,4.33,1.273,22,27,*04yid*,26253,669194.0,621.0,3.77,4.01,4.1,0.147,0.409,106.0,100.0,106.0,104.0,0.245,2370.0,0.201,0.055,0.008,0.167,456.0,7.7,188.0,90.1,12.3,The Authority
*03svw*,RP,Bryan Hudson,MIL,RP,Res,27,@ARI Fri 8:40PM,62.1,0,14,62,1.73,0.722,6,43,*03svw*,19924,663542.0,231.0,3.61,3.61,3.23,0.195,0.36200000000000004,50.0,80.0,103.0,102.0,0.28300000000000003,929.0,0.268,0.07400000000000001,-0.053,-1.227,148.0,6.8,54.0,87.8,14.2,The Authority
*02j77*,RP,Chris Martin,BOS,RP,Res,38,@NYY Fri 6:05PM,39.1,2,13,46,3.43,1.093,2,40,*02j77*,11847,455119.0,157.0,2.89,2.61,2.44,0.268,0.376,122.0,98.0,112.0,107.0,0.278,580.0,0.28,0.013000000000000001,0.006,0.132,108.0,4.6,41.0,88.7,10.9,The Authority
*02mwd*,SP,Paul Blackburn,NYM,SP,IR,30,@PHI Fri 5:40PM,75.1,0,0,59,4.66,1.288,12,14,*02mwd*,14739,621112.0,316.0,4.64,4.15,4.34,0.12,0.35600000000000004,101.0,91.0,105.0,100.0,0.245,1212.0,0.187,0.066,-0.002,0.079,233.0,8.2,83.0,87.6,11.0,The Authority
*04a2t*,SP,Kodai Senga,NYM,SP,IR,31,@PHI Fri 5:40PM,5.1,0,0,9,3.38,0.563,1,1,*04a2t*,31838,673540.0,20.0,3.36,1.78,1.67,0.4,0.556,42.0,110.0,102.0,103.0,0.301,73.0,0.45,0.05,-0.122,-1.455,9.0,22.2,5.0,90.2,21.8,The Authority
*04eqa*,SP,Garrett Whitlock,BOS,"SP,RP",IR,28,@NYY Fri 6:05PM,18.1,0,0,17,1.96,1.145,1,4,*04eqa*,20191,676477.0,75.0,3.34,3.87,4.19,0.133,0.36,94.0,104.0,101.0,102.0,0.255,321.0,0.22699999999999998,0.09300000000000001,-0.0469999999999999,-2.436,50.0,6.0,18.0,89.4,10.6,The Authority
*05r1d*,SP,Jordan Wicks,CHC,SP,IR,25,@COL Fri 7:40PM,41.0,0,0,38,5.27,1.61,3,10,*05r1d*,30094,696136.0,189.0,4.69,4.52,4.58,0.106,0.389,114.0,93.0,103.0,101.0,0.231,761.0,0.201,0.095,0.0219999999999999,0.558,131.0,6.9,52.0,89.4,14.5,The Authority
*04y9o*,SP,Jack Leiter,TEX,SP,Min,24,@SEA Fri 9:10PM,23.1,0,0,19,10.41,1.843,0,6,*04y9o*,30146,683004.0,117.0,5.45,5.49,5.01,0.077,0.41200000000000003,126.0,120.0,98.0,103.0,0.26,458.0,0.162,0.085,0.03,4.334,84.0,10.7,36.0,91.2,15.6,The Authority
*05yaz*,SP,Will Warren,NYY,SP,Min,25,BOS Fri 6:05PM,21.2,0,0,26,9.55,1.846,0,5,*05yaz*,30182,701542.0,104.0,4.56,4.12,3.97,0.163,0.5,149.0,102.0,99.0,104.0,0.287,436.0,0.25,0.087,0.0969999999999999,5.304,67.0,10.4,34.0,92.7,14.6,The Authority
*060eu*,RP,Ben Joyce,LAA,RP,Min,23,HOU Fri 8:38PM,34.2,4,8,33,2.08,1.154,2,31,*060eu*,31461,690829.0,142.0,3.2,3.7,3.54,0.134,0.374,98.0,117.0,96.0,97.0,0.287,541.0,0.23199999999999998,0.099,-0.013,-1.023,91.0,4.4,34.0,87.2,0.2,The Authority
*03aac*,SP,Walker Buehler,LAD,SP,Act,30,@ATL Fri 6:20PM,59.0,0,0,49,5.95,1.644,3,13,*03aac*,19374,621111.0,274.0,6.09,4.63,4.64,0.102,0.365,112.0,95.0,102.0,100.0,0.254,1079.0,0.179,0.077,0.043,0.749,200.0,7.5,77.0,89.0,12.8,The Geriatric and Injured
*04g1x*,SP,David Peterson,NYM,SP,Act,29,@PHI Fri 5:40PM,102.2,0,0,83,2.98,1.354,19,18,*04g1x*,20302,656849.0,439.0,4.0,4.3,4.54,0.09300000000000001,0.42,101.0,94.0,98.0,96.0,0.273,1617.0,0.18899999999999997,0.096,-0.033,-1.949,307.0,7.5,129.0,89.3,6.7,The Geriatric and Injured
*05ucd*,RP,Mason Miller,OAK,"SP,RP",Act,26,@CHW Fri 6:40PM,57.2,24,0,91,2.34,0.85,1,48,*05ucd*,31757,695243.0,220.0,1.96,2.29,1.98,0.327,0.294,87.0,147.0,101.0,107.0,0.35600000000000004,898.0,0.414,0.086,0.0029999999999999,0.651,109.0,4.6,32.0,85.3,18.0,The Geriatric and Injured
*02n96*,RP,Josh Hader,HOU,RP,Act,30,@LAA Fri 8:38PM,63.1,29,0,93,3.41,0.932,7,63,*02n96*,14212,623352.0,242.0,3.66,3.01,2.42,0.285,0.391,75.0,130.0,98.0,111.0,0.326,1031.0,0.376,0.091,-0.002,0.601,128.0,10.9,50.0,89.9,21.5,The Geriatric and Injured
*01spo*,P,Gerrit Cole,NYY,SP,Act,34,BOS Fri 6:05PM,75.0,0,0,85,3.36,1.24,12,14,*01spo*,13125,543037.0,316.0,3.9,3.85,3.66,0.193,0.40700000000000003,106.0,111.0,101.0,105.0,0.278,1269.0,0.26899999999999996,0.076,0.008,-0.39,204.0,7.8,83.0,89.8,17.5,The Geriatric and Injured
*02c2r*,P,Carlos Rodon,NYY,SP,Act,31,BOS Fri 6:05PM,158.1,0,0,181,4.21,1.219,29,29,*02c2r*,16137,607074.0,669.0,4.33,4.06,3.71,0.196,0.41600000000000004,101.0,123.0,97.0,103.0,0.285,2829.0,0.271,0.075,0.007,0.156,428.0,10.3,179.0,90.5,18.6,The Geriatric and Injured
*04mlr*,P,Jeffrey Springs,TB,SP,Act,31,@CLE Fri 6:10PM,33.0,0,0,37,3.27,1.364,3,7,*04mlr*,17677,605488.0,142.0,3.99,3.81,3.75,0.183,0.452,116.0,87.0,99.0,96.0,0.28300000000000003,565.0,0.261,0.077,0.022,-0.477,93.0,9.7,43.0,89.3,15.9,The Geriatric and Injured
*0311c*,P,Devin Williams,MIL,RP,Act,29,@ARI Fri 8:40PM,15.2,10,0,29,1.72,1.021,0,16,*0311c*,15816,642207.0,65.0,2.41,2.45,2.39,0.308,0.24,85.0,138.0,91.0,101.0,0.313,284.0,0.446,0.138,0.0089999999999999,-0.357,25.0,8.0,6.0,83.1,15.7,The Geriatric and Injured
*05y0j*,SP,Spencer Arrighetti,HOU,SP,Res,24,@LAA Fri 8:38PM,131.2,0,0,158,4.72,1.42,16,26,*05y0j*,29921,681293.0,577.0,4.18,4.04,3.96,0.168,0.39799999999999996,113.0,93.0,99.0,98.0,0.297,2277.0,0.27399999999999997,0.106,0.021,0.756,352.0,8.0,141.0,89.0,16.8,The Geriatric and Injured
*05r3g*,SP,Mason Black,SF,SP,Res,24,SD Fri 9:15PM,24.0,0,0,22,7.5,1.625,0,6,*05r3g*,30171,696131.0,111.0,5.97,5.11,4.57,0.126,0.37200000000000005,118.0,98.0,104.0,102.0,0.258,430.0,0.198,0.07200000000000001,0.022,1.19,78.0,11.5,29.0,89.7,20.9,The Geriatric and Injured
*03d6n*,SP,Erick Fedde,STL,SP,Res,31,@TOR Fri 6:07PM,159.1,0,0,138,3.39,1.174,19,28,*03d6n*,17425,607200.0,659.0,4.09,4.23,4.27,0.135,0.368,92.0,90.0,104.0,99.0,0.249,2629.0,0.209,0.07400000000000001,-0.016,-0.601,467.0,7.9,172.0,88.4,14.7,The Geriatric and Injured
*04cd5*,SP,MacKenzie Gore,WSH,SP,Res,25,MIA Fri 5:45PM,147.1,0,0,158,4.34,1.52,16,29,*04cd5*,22201,669022.0,664.0,3.67,3.99,4.1,0.149,0.384,121.0,112.0,98.0,101.0,0.258,2717.0,0.23800000000000002,0.08900000000000001,0.015,-0.063,436.0,6.9,169.0,88.1,13.6,The Geriatric and Injured
*041q4*,RP,Kyle Muller,OAK,"SP,RP",Res,26,@CHW Fri 6:40PM,42.2,0,0,35,4.22,1.266,0,18,*041q4*,20167,666205.0,178.0,4.07,3.91,3.75,0.146,0.436,108.0,88.0,104.0,104.0,0.272,640.0,0.19699999999999998,0.051,0.002,0.089,133.0,8.3,58.0,90.2,14.3,The Geriatric and Injured
*04eld*,SP,J.P. Sears,OAK,SP,Res,28,@CHW Fri 6:40PM,163.2,0,0,123,4.18,1.191,23,29,*04eld*,23429,676664.0,682.0,4.46,4.83,4.59,0.11699999999999999,0.392,96.0,91.0,100.0,94.0,0.262,2577.0,0.18,0.063,-0.006,-0.131,501.0,9.8,198.0,89.3,17.9,The Geriatric and Injured
*04pmp*,SP,Simeon Woods-Richardson,MIN,"SP,RP",Res,23,CIN Fri 7:10PM,125.0,0,0,106,3.96,1.216,12,25,*04pmp*,24494,680573.0,525.0,4.04,4.59,4.55,0.12,0.37,93.0,87.0,104.0,100.0,0.248,2120.0,0.20199999999999999,0.08199999999999999,-0.022,-0.09,373.0,8.6,139.0,88.6,18.5,The Geriatric and Injured
*041wv*,SP,Michael King,SD,"SP,RP",Res,29,@SF Fri 9:15PM,161.2,0,0,191,3.06,1.212,25,29,*041wv*,19853,650633.0,679.0,3.4,3.49,3.61,0.193,0.29600000000000004,100.0,94.0,102.0,100.0,0.315,2713.0,0.281,0.08800000000000001,-0.004,-0.428,422.0,5.9,126.0,85.4,14.0,The Geriatric and Injured
*01fhm*,SP,Martin Perez,SD,"SP,RP",Res,33,@SF Fri 9:15PM,121.0,0,0,96,4.46,1.504,12,23,*01fhm*,6902,527048.0,530.0,4.9,4.46,4.62,0.1,0.408,110.0,73.0,103.0,95.0,0.272,1994.0,0.18100000000000002,0.081,-0.001,-0.947,387.0,8.8,158.0,88.7,10.7,The Geriatric and Injured
*04o2w*,RP,Ben Brown,CHC,"SP,RP",IR,25,@COL Fri 7:40PM,55.1,0,1,64,3.58,1.084,3,15,*04o2w*,23590,676962.0,222.0,3.12,3.64,3.44,0.203,0.514,92.0,110.0,96.0,100.0,0.324,849.0,0.28800000000000003,0.086,-0.0519999999999999,-0.672,138.0,10.9,71.0,91.8,16.2,The Geriatric and Injured
*025j1*,SP,Robbie Ray,SF,SP,IR,32,SD Fri 9:15PM,30.2,0,0,43,4.7,1.141,5,7,*025j1*,11486,592662.0,129.0,4.97,4.1,3.52,0.217,0.354,80.0,103.0,95.0,95.0,0.301,568.0,0.33299999999999996,0.11599999999999999,0.012,0.896,64.0,9.4,23.0,86.8,19.2,The Geriatric and Injured
*05yb1*,SP,Drew Thorpe,CHW,SP,IR,23,OAK Fri 6:40PM,44.1,0,0,25,5.48,1.263,8,9,*05yb1*,31967,689672.0,190.0,5.88,5.82,5.86,0.021,0.371,71.0,82.0,99.0,93.0,0.247,721.0,0.132,0.111,-0.02,0.771,142.0,7.0,53.0,87.4,16.1,The Geriatric and Injured
*041qo*,SP,Zac Gallen,ARI,SP,Act,29,MIL Fri 8:40PM,132.0,0,0,133,3.55,1.265,23,25,*041qo*,19291,668678.0,553.0,3.25,3.74,4.0,0.152,0.409,103.0,99.0,100.0,100.0,0.278,2216.0,0.24100000000000002,0.08900000000000001,-0.013,-0.445,367.0,6.5,150.0,89.9,11.9,Heaters
*04ppz*,SP,Jake Irvin,WSH,SP,Act,27,MIA Fri 5:45PM,172.0,0,0,145,4.19,1.186,25,30,*04ppz*,21504,663623.0,704.0,4.29,3.95,4.13,0.14300000000000002,0.387,94.0,94.0,104.0,102.0,0.263,2803.0,0.20600000000000002,0.063,-0.006,-0.034,511.0,9.0,199.0,88.8,11.5,Heaters
*03qqf*,RP,Alexis Diaz,CIN,RP,Act,27,@MIN Fri 7:10PM,52.1,27,0,51,4.3,1.299,2,56,*03qqf*,21132,664747.0,225.0,4.67,5.06,4.43,0.102,0.379,86.0,113.0,96.0,103.0,0.267,905.0,0.22699999999999998,0.124,0.001,0.469,140.0,7.1,53.0,88.6,22.0,Heaters
*02bx4*,RP,Clay Holmes,NYY,RP,Act,31,BOS Fri 6:05PM,57.2,29,0,63,3.28,1.301,3,60,*02bx4*,13649,605280.0,246.0,2.81,2.92,2.76,0.179,0.36,118.0,135.0,99.0,108.0,0.32299999999999995,996.0,0.256,0.077,0.0159999999999999,0.216,161.0,5.6,58.0,88.4,-0.1,Heaters
*02c2h*,P,Chris Bassitt,TOR,SP,Act,35,STL Fri 6:07PM,163.0,0,0,164,4.2,1.411,22,29,*02c2h*,12304,605135.0,712.0,3.98,4.09,4.12,0.146,0.37799999999999995,118.0,94.0,99.0,97.0,0.276,2800.0,0.23,0.084,0.003,-0.174,473.0,7.8,180.0,88.3,14.5,Heaters
*05wru*,P,Paul Skenes,PIT,SP,Act,22,KC Fri 5:40PM,120.0,0,0,151,2.1,0.992,24,20,*05wru*,33677,694973.0,468.0,2.64,2.69,2.87,0.256,0.36700000000000005,98.0,103.0,103.0,103.0,0.29,1929.0,0.32299999999999995,0.066,-0.001,-0.6,281.0,5.7,104.0,87.9,9.0,Heaters
*02c4q*,P,Nick Martinez,CIN,"SP,RP",Act,34,@MIN Fri 7:10PM,122.1,0,7,98,3.46,1.112,11,39,*02c4q*,12730,607259.0,501.0,3.49,4.04,3.92,0.16,0.307,97.0,99.0,109.0,107.0,0.268,1877.0,0.196,0.036000000000000004,0.006,0.068,380.0,5.3,117.0,86.5,17.0,Heaters
*05jqy*,P,Mitchell Parker,WSH,"SP,RP",Act,24,MIA Fri 5:45PM,142.1,0,0,127,4.24,1.272,18,27,*05jqy*,27636,680730.0,580.0,3.89,4.17,4.24,0.14300000000000002,0.39,103.0,88.0,100.0,98.0,0.258,2159.0,0.21,0.067,-0.011,0.004,418.0,8.4,163.0,89.6,16.4,Heaters
*04eek*,SP,Griffin Canning,LAA,SP,Res,28,HOU Fri 8:38PM,156.1,0,0,117,5.35,1.407,11,29,*04eek*,19867,656288.0,676.0,5.25,4.79,4.86,0.086,0.415,101.0,87.0,98.0,97.0,0.254,2608.0,0.17300000000000001,0.087,0.004,0.524,494.0,8.9,206.0,90.6,14.1,Heaters
*02i3o*,SP,Aaron Nola,PHI,SP,Res,31,NYM Fri 5:40PM,177.0,0,0,167,3.41,1.181,30,29,*02i3o*,16149,605400.0,725.0,4.01,3.61,3.83,0.168,0.373,97.0,104.0,105.0,104.0,0.27399999999999997,2808.0,0.23,0.062,0.0,-0.443,510.0,7.3,193.0,88.3,12.6,Heaters
*05xop*,SP,Cade Povich,BAL,SP,Res,24,@DET Fri 5:40PM,64.0,0,0,52,5.91,1.594,5,13,*05xop*,30055,700249.0,293.0,5.24,5.23,5.0,0.08199999999999999,0.35700000000000004,112.0,86.0,98.0,96.0,0.27399999999999997,1132.0,0.177,0.096,0.0399999999999999,1.536,210.0,10.0,75.0,88.1,16.4,Heaters
*041rf*,P,Shane Bieber,CLE,SP,IR,29,TB Fri 6:10PM,12.0,0,0,20,0.0,0.917,4,2,*041rf*,19427,669456.0,45.0,0.09,0.6,1.35,0.42200000000000004,0.41700000000000004,147.0,98.0,102.0,100.0,0.355,166.0,0.444,0.022000000000000002,-0.013,-2.68,24.0,4.2,10.0,88.5,7.1,Heaters
*05jp3*,SP,Logan Allen,CLE,SP,Min,26,TB Fri 6:10PM,97.1,0,0,79,5.73,1.582,13,20,*05jp3*,27589,671106.0,432.0,5.88,4.76,4.82,0.08800000000000001,0.461,112.0,77.0,96.0,91.0,0.263,1665.0,0.183,0.095,0.02,-0.187,308.0,11.4,143.0,91.0,13.4,Heaters
*061bo*,SP,Rhett Lowder,CIN,SP,Act,22,@MIN Fri 7:10PM,15.1,0,0,12,0.59,1.239,2,3,*061bo*,33876,695076.0,62.0,3.18,4.46,5.04,0.065,0.429,89.0,97.0,98.0,96.0,0.255,243.0,0.19399999999999998,0.129,-0.065,-3.543,42.0,4.8,18.0,90.5,8.2,jstocs5
*0316j*,SP,Nick Pivetta,BOS,"SP,RP",Act,31,@NYY Fri 6:05PM,129.1,0,0,156,4.24,1.137,15,24,*0316j*,15454,601713.0,529.0,4.04,3.42,3.26,0.23399999999999999,0.385,101.0,134.0,105.0,108.0,0.27399999999999997,2110.0,0.295,0.06,0.012,0.635,340.0,10.0,130.0,89.3,19.5,jstocs5
*02my5*,RP,Edwin Diaz,NYM,RP,Act,30,@PHI Fri 5:40PM,45.0,18,2,68,3.6,1.0,5,48,*02my5*,14710,621242.0,179.0,3.44,2.77,2.31,0.29100000000000004,0.304,88.0,125.0,95.0,105.0,0.321,757.0,0.38,0.08900000000000001,0.026,1.15,92.0,7.6,28.0,86.0,15.7,jstocs5
*041rj*,RP,JoJo Romero,STL,RP,Act,28,@TOR Fri 6:07PM,57.2,1,30,51,2.65,1.075,7,62,*041rj*,19574,668941.0,228.0,3.99,3.72,3.46,0.162,0.392,88.0,86.0,96.0,96.0,0.293,877.0,0.22399999999999998,0.061,-0.049,-2.154,158.0,10.8,62.0,89.9,8.0,jstocs5
*03mnq*,P,Carlos Estevez,PHI,RP,Act,31,NYM Fri 5:40PM,51.2,25,0,48,2.26,0.813,4,50,*03mnq*,14542,608032.0,193.0,3.16,3.98,3.38,0.20199999999999999,0.43,75.0,112.0,104.0,105.0,0.294,744.0,0.249,0.047,-0.05,-0.715,135.0,9.6,58.0,90.6,21.1,jstocs5
*03ann*,P,Jeff Hoffman,PHI,RP,Act,31,NYM Fri 5:40PM,60.1,10,20,81,1.79,0.978,3,62,*03ann*,17432,656546.0,241.0,2.41,2.77,2.42,0.27399999999999997,0.406,96.0,116.0,100.0,104.0,0.322,917.0,0.336,0.062,-0.012,-0.97,143.0,7.0,58.0,87.8,17.2,jstocs5
*01fd0*,P,Daniel Hudson,LAD,RP,Act,37,@ATL Fri 6:20PM,56.0,10,17,54,2.57,0.982,6,58,*01fd0*,7146,543339.0,221.0,3.78,4.08,3.55,0.172,0.5,76.0,102.0,101.0,101.0,0.28,880.0,0.244,0.07200000000000001,-0.0439999999999999,-1.199,150.0,12.0,75.0,90.8,18.7,jstocs5
*02zif*,P,Ryan Pressly,HOU,RP,Act,35,@LAA Fri 8:38PM,51.2,3,21,55,3.66,1.355,2,54,*02zif*,7005,519151.0,220.0,2.92,3.43,3.35,0.168,0.43,118.0,124.0,100.0,108.0,0.275,870.0,0.24100000000000002,0.073,0.005,-0.247,148.0,8.1,64.0,89.9,6.4,jstocs5
*04fq2*,SP,Javier Assad,CHC,"SP,RP",Res,27,@COL Fri 7:40PM,131.2,0,0,111,3.14,1.344,13,26,*04fq2*,21741,665871.0,566.0,4.46,4.65,4.73,0.09699999999999999,0.376,94.0,86.0,99.0,94.0,0.254,2264.0,0.196,0.099,-0.015,-1.436,393.0,7.9,149.0,88.6,14.1,jstocs5
*04pr8*,SP,Taj Bradley,TB,SP,Res,23,@CLE Fri 6:10PM,122.2,0,0,137,4.4,1.215,15,22,*04pr8*,22543,671737.0,512.0,4.33,3.63,3.68,0.188,0.42200000000000004,98.0,116.0,98.0,103.0,0.27,2023.0,0.268,0.08,-0.01,0.092,331.0,11.2,143.0,91.5,14.0,jstocs5
*02bqy*,P,Joe Musgrove,SD,SP,Res,31,@SF Fri 9:15PM,81.1,0,0,78,4.54,1.279,12,16,*02bqy*,12970,605397.0,340.0,4.48,4.06,3.93,0.165,0.40700000000000003,107.0,120.0,101.0,102.0,0.3,1313.0,0.22899999999999998,0.065,-0.0049999999999999,-0.463,231.0,11.7,94.0,90.3,13.9,jstocs5
*029si*,SP,Eduardo Rodriguez,ARI,SP,Res,31,MIL Fri 8:40PM,29.1,0,0,18,5.83,1.534,2,6,*029si*,13164,593958.0,133.0,4.85,5.14,5.24,0.06,0.39399999999999996,105.0,77.0,103.0,95.0,0.247,518.0,0.135,0.075,-0.014,-0.36,104.0,11.5,41.0,87.4,13.8,jstocs5
*04ee7*,SP,Clarke Schmidt,NYY,SP,Res,28,BOS Fri 6:05PM,65.1,0,0,69,2.34,1.133,7,12,*04ee7*,19899,657376.0,264.0,3.5,3.79,3.73,0.182,0.363,102.0,115.0,99.0,100.0,0.307,1095.0,0.261,0.08,-0.012,-1.488,168.0,6.5,61.0,88.8,15.0,jstocs5
*04auj*,SP,Framber Valdez,HOU,SP,Res,30,@LAA Fri 8:38PM,163.2,0,0,159,2.91,1.088,30,26,*04auj*,17295,664285.0,623.0,3.21,3.11,3.42,0.165,0.452,97.0,113.0,97.0,102.0,0.299,2324.0,0.24600000000000002,0.08,-0.0179999999999999,-0.365,414.0,4.6,188.0,90.3,0.8,jstocs5
*04ml0*,P,Yusei Kikuchi,HOU,SP,Res,33,@LAA Fri 8:38PM,156.2,0,0,183,4.31,1.245,17,29,*04ml0*,20633,579328.0,662.0,3.55,3.24,3.35,0.21600000000000003,0.45799999999999996,112.0,110.0,102.0,105.0,0.29600000000000004,2641.0,0.276,0.06,-0.003,0.349,437.0,9.8,203.0,90.4,14.3,jstocs5
*03nuc*,SP,Luis Castillo,SEA,SP,IR,31,TEX Fri 9:10PM,175.1,0,0,175,3.64,1.169,29,30,*03nuc*,15689,622491.0,719.0,3.92,3.83,3.8,0.17800000000000002,0.41700000000000004,100.0,101.0,105.0,102.0,0.26899999999999996,2859.0,0.243,0.065,-0.005,-0.316,492.0,8.5,206.0,89.7,16.3,jstocs5
*045kb*,SP,Cristian Javier,HOU,SP,IR,27,@LAA Fri 8:38PM,34.2,0,0,27,3.89,1.413,6,7,*045kb*,17606,664299.0,150.0,4.76,5.58,5.62,0.053,0.308,92.0,113.0,92.0,97.0,0.259,571.0,0.18,0.127,-0.01,-0.776,104.0,6.7,32.0,88.9,24.6,jstocs5
*04ps7*,P,Joe Ryan,MIN,SP,IR,28,CIN Fri 7:10PM,135.0,0,0,147,3.6,0.985,20,23,*04ps7*,21390,657746.0,538.0,3.45,3.45,3.29,0.23,0.364,93.0,99.0,107.0,104.0,0.29600000000000004,2108.0,0.273,0.043,0.0139999999999999,0.68,363.0,8.5,133.0,88.3,18.5,jstocs5
*0310c*,RP,Hunter Harvey,KC,RP,IR,29,@PIT Fri 5:40PM,50.2,1,28,55,4.44,1.322,2,49,*0310c*,15507,640451.0,219.0,3.53,3.53,3.32,0.17800000000000002,0.47600000000000003,114.0,111.0,104.0,106.0,0.281,906.0,0.251,0.073,-0.0129999999999999,-0.589,143.0,9.1,69.0,90.4,10.9,jstocs5
*0596g*,SP,Reid Detmers,LAA,SP,Min,25,HOU Fri 8:38PM,75.0,0,0,88,5.64,1.4,8,14,*0596g*,27468,672282.0,324.0,4.06,3.8,3.83,0.17600000000000002,0.379,116.0,96.0,98.0,98.0,0.303,1298.0,0.272,0.096,0.034,1.95,203.0,8.9,77.0,89.6,16.0,jstocs5
*041qr*,SP,Aaron Civale,MIL,SP,Act,29,@ARI Fri 8:40PM,145.2,0,0,136,4.57,1.318,13,28,*041qr*,19479,650644.0,626.0,4.7,4.32,4.26,0.142,0.397,101.0,97.0,100.0,100.0,0.28,2433.0,0.217,0.075,0.012,0.442,438.0,8.0,175.0,89.6,17.0,Savannah Bananas
*04ep8*,SP,Kutter Crawford,BOS,"SP,RP",Act,28,@NYY Fri 6:05PM,167.1,0,0,155,4.09,1.082,22,30,*04ep8*,20531,676710.0,684.0,4.68,4.41,4.14,0.161,0.353,83.0,107.0,105.0,107.0,0.27899999999999997,2544.0,0.22699999999999998,0.066,-0.004,0.288,476.0,10.3,169.0,88.3,20.1,Savannah Bananas
*050ok*,RP,Yennier Cano,BAL,RP,Act,30,@DET Fri 5:40PM,55.0,5,32,59,2.78,1.273,4,64,*050ok*,25911,666974.0,227.0,3.65,3.11,3.04,0.16699999999999998,0.418,108.0,116.0,106.0,107.0,0.273,918.0,0.26,0.09300000000000001,0.008,-0.728,146.0,5.5,61.0,89.5,-2.4,Savannah Bananas
*0317q*,RP,Griffin Jax,MIN,RP,Act,29,CIN Fri 7:10PM,64.2,8,24,84,1.95,0.881,4,66,*0317q*,20253,643377.0,252.0,1.97,2.49,2.32,0.27399999999999997,0.364,93.0,134.0,105.0,116.0,0.35200000000000004,983.0,0.33299999999999996,0.06,-0.0169999999999999,-0.392,150.0,7.3,55.0,88.0,7.2,Savannah Bananas
*025it*,P,Jason Adam,SD,RP,Act,33,@SF Fri 9:15PM,66.0,4,25,76,1.91,0.818,7,66,*025it*,11861,592094.0,249.0,2.95,3.32,2.86,0.22899999999999998,0.38299999999999995,73.0,129.0,98.0,105.0,0.33,987.0,0.305,0.076,-0.055,-1.191,149.0,7.4,57.0,88.6,13.5,Savannah Bananas
*04ehz*,P,Jeremiah Estrada,SD,RP,Act,25,@SF Fri 9:15PM,54.2,1,13,85,3.13,1.116,5,54,*04ehz*,22210,669093.0,228.0,2.17,2.66,2.41,0.281,0.385,103.0,143.0,99.0,107.0,0.316,908.0,0.373,0.092,-0.012,0.368,121.0,5.8,47.0,89.2,17.2,Savannah Bananas
*04tji*,P,Edwin Uceta,TB,RP,Act,26,@CLE Fri 6:10PM,36.1,2,5,51,1.49,0.798,2,25,,,,,,,,,,,,,,,,,,,,,,,,,Savannah Bananas
*04q05*,P,Alex Vesia,LAD,RP,Act,28,@ATL Fri 6:20PM,59.1,5,13,77,1.82,0.994,3,61,*04q05*,25007,681911.0,237.0,3.41,4.14,3.5,0.203,0.33799999999999997,66.0,119.0,101.0,105.0,0.278,1001.0,0.325,0.122,-0.019,-0.94,128.0,11.7,44.0,87.4,29.5,Savannah Bananas
*03d6p*,P,Grant Holmes,ATL,"SP,RP",Res,28,LAD Fri 6:20PM,53.2,0,1,54,3.86,1.248,3,21,*03d6p*,16944,656550.0,224.0,3.1,3.47,3.34,0.192,0.414,114.0,97.0,100.0,100.0,0.294,800.0,0.24100000000000002,0.049,-0.001,0.267,157.0,5.7,65.0,89.1,13.1,Savannah Bananas
*005jn*,SP,Charlie Morton,ATL,SP,Res,40,LAD Fri 6:20PM,149.0,0,0,155,4.11,1.315,19,27,*005jn*,4676,450203.0,633.0,4.44,3.92,3.96,0.155,0.385,105.0,95.0,98.0,97.0,0.278,2524.0,0.245,0.09,0.006,-0.413,403.0,9.4,156.0,88.9,8.8,Savannah Bananas
*05xsq*,P,Luis Ortiz,PIT,"SP,RP",Res,25,KC Fri 5:40PM,118.2,1,1,90,3.26,1.112,11,34,*05xsq*,27646,682847.0,486.0,4.25,4.76,4.49,0.109,0.38299999999999995,83.0,104.0,100.0,99.0,0.248,1868.0,0.185,0.076,-0.036,-1.079,350.0,9.1,134.0,89.2,14.6,Savannah Bananas
*03pov*,SP,Brady Singer,KC,SP,Res,28,@PIT Fri 5:40PM,163.1,0,0,153,3.42,1.249,21,29,*03pov*,25377,663903.0,687.0,3.68,3.6,3.85,0.156,0.402,108.0,84.0,99.0,94.0,0.284,2694.0,0.223,0.067,-0.018,-1.074,478.0,7.9,192.0,88.6,8.8,Savannah Bananas
*03qju*,P,Garrett Cleavinger,TB,RP,Res,30,@CLE Fri 6:10PM,56.0,5,13,66,3.38,1.375,7,64,*03qju*,17897,664076.0,243.0,3.87,4.09,3.69,0.156,0.33799999999999997,111.0,116.0,95.0,100.0,0.295,967.0,0.272,0.115,-0.02,-0.994,142.0,9.2,48.0,86.4,10.4,Savannah Bananas
*03d6w*,P,Jack Flaherty,LAD,SP,Res,28,@ATL Fri 6:20PM,148.0,0,0,180,2.86,1.014,26,25,*03d6w*,17479,656427.0,585.0,3.26,2.82,2.92,0.258,0.33299999999999996,99.0,95.0,104.0,103.0,0.315,2367.0,0.308,0.05,-0.0049999999999999,-0.382,372.0,7.3,124.0,87.7,13.4,Savannah Bananas
*02hir*,P,Michael Lorenzen,KC,SP,IR,32,@PIT Fri 5:40PM,126.0,0,0,92,3.43,1.254,16,24,*02hir*,14843,547179.0,519.0,4.99,5.01,5.13,0.066,0.391,85.0,93.0,97.0,95.0,0.255,2033.0,0.177,0.11199999999999999,-0.025,-1.211,363.0,8.0,143.0,88.5,15.6,Savannah Bananas
*05xpq*,SP,Christian Scott,NYM,"SP,RP",IR,25,@PHI Fri 5:40PM,47.1,0,0,39,4.56,1.204,3,9,*05xpq*,30107,681035.0,197.0,4.61,4.72,4.49,0.13699999999999998,0.354,92.0,97.0,97.0,101.0,0.239,788.0,0.198,0.061,-0.009,0.103,143.0,10.5,51.0,89.2,22.1,Savannah Bananas
*051e5*,SP,Matt Waldron,SD,SP,Min,27,@SF Fri 9:15PM,142.2,0,0,130,4.79,1.241,17,26,*051e5*,25550,663362.0,603.0,4.11,4.29,4.15,0.149,0.34,99.0,83.0,104.0,99.0,0.276,2357.0,0.21600000000000003,0.066,0.003,0.774,423.0,6.6,145.0,88.0,16.4,Savannah Bananas
*0260v*,SP,Sonny Gray,STL,SP,Act,34,@TOR Fri 6:07PM,160.2,0,0,195,3.75,1.071,26,27,*0260v*,12768,543243.0,623.0,3.29,2.86,3.09,0.239,0.387,99.0,111.0,103.0,105.0,0.309,2305.0,0.299,0.059000000000000004,-0.01,0.041,397.0,9.3,154.0,89.6,11.1,Houston Buffalos
*05jp7*,SP,Gavin Williams,CLE,SP,Act,25,TB Fri 6:10PM,65.1,0,0,69,5.23,1.393,6,14,*05jp7*,30122,668909.0,264.0,3.79,4.13,4.18,0.14400000000000002,0.42100000000000004,107.0,100.0,101.0,102.0,0.245,1103.0,0.242,0.098,0.001,1.12,171.0,7.0,72.0,90.6,14.3,Houston Buffalos
*05rav*,RP,Richard Fitts,BOS,RP,Act,24,@NYY Fri 6:05PM,5.2,0,0,2,0.0,1.235,0,1,*05rav*,sa3018182,690916.0,,,,,,,,,,,,,,,0.025,-2.47,19.0,0.0,4.0,86.7,6.5,Houston Buffalos
*005m0*,RP,David Robertson,TEX,RP,Act,39,@SEA Fri 9:10PM,63.0,2,30,91,2.86,1.127,3,59,*005m0*,8241,502085.0,258.0,2.35,2.56,2.45,0.267,0.376,116.0,119.0,99.0,105.0,0.325,1069.0,0.353,0.085,-0.016,-0.243,140.0,5.7,53.0,88.4,9.0,Houston Buffalos
*04ug5*,P,Emmanuel Clase,CLE,RP,Act,26,TB Fri 6:10PM,67.1,44,0,60,0.67,0.668,4,67,*04ug5*,21032,661403.0,246.0,2.23,2.67,2.47,0.21100000000000002,0.307,71.0,146.0,106.0,114.0,0.284,890.0,0.244,0.033,-0.069,-1.822,176.0,4.0,55.0,86.8,1.4,Houston Buffalos
*04aoq*,P,Jason Foley,DET,RP,Act,28,BAL Fri 5:40PM,54.1,22,8,40,3.15,1.233,3,62,*04aoq*,19531,671345.0,224.0,4.08,4.19,4.21,0.094,0.405,92.0,101.0,101.0,105.0,0.272,812.0,0.179,0.085,-0.038,-1.411,163.0,6.7,66.0,88.9,7.0,Houston Buffalos
*0429k*,P,Colin Holderman,PIT,RP,Act,28,KC Fri 5:40PM,45.0,0,18,49,3.2,1.333,3,48,*0429k*,22361,670059.0,197.0,4.46,4.41,4.0,0.132,0.39299999999999996,91.0,114.0,95.0,99.0,0.27899999999999997,778.0,0.249,0.11699999999999999,-0.016,-1.2,122.0,12.3,48.0,87.6,14.6,Houston Buffalos
*03as0*,P,Joe Jimenez,ATL,RP,Act,29,LAD Fri 6:20PM,60.0,3,25,69,2.55,1.0,1,60,*03as0*,15761,641729.0,243.0,2.51,3.69,3.17,0.20199999999999999,0.313,87.0,101.0,105.0,106.0,0.32,955.0,0.284,0.08199999999999999,-0.0189999999999999,-0.04,150.0,5.3,47.0,87.2,16.7,Houston Buffalos
*05oz7*,RP,Jose Butto,NYM,"SP,RP",Res,26,@PHI Fri 5:40PM,70.2,3,3,72,2.67,1.118,10,27,*05oz7*,23313,676130.0,284.0,4.07,4.42,4.37,0.12,0.385,73.0,93.0,90.0,89.0,0.268,1175.0,0.254,0.134,-0.0319999999999999,-1.075,169.0,7.7,65.0,88.8,15.6,Houston Buffalos
*05yav*,SP,David Festa,MIN,SP,Res,24,CIN Fri 7:10PM,51.1,0,0,62,5.08,1.247,3,11,*05yav*,30056,701581.0,217.0,4.03,3.43,3.41,0.212,0.384,107.0,102.0,101.0,103.0,0.29600000000000004,852.0,0.28600000000000003,0.07400000000000001,0.015,1.144,138.0,8.7,53.0,89.4,15.3,Houston Buffalos
*02x0f*,SP,Sean Manaea,NYM,"SP,RP",Res,32,@PHI Fri 5:40PM,164.0,0,0,171,3.35,1.098,24,29,*02x0f*,15873,640455.0,668.0,3.78,4.05,3.96,0.166,0.374,84.0,88.0,97.0,96.0,0.276,2732.0,0.256,0.09,-0.0309999999999999,-0.502,427.0,7.7,161.0,88.6,16.1,Houston Buffalos
*01sb3*,SP,Zack Wheeler,PHI,SP,Res,34,NYM Fri 5:40PM,179.2,0,0,199,2.6,0.968,38,29,*01sb3*,10310,554430.0,712.0,3.21,3.41,3.41,0.21100000000000002,0.336,83.0,106.0,104.0,108.0,0.271,2846.0,0.27899999999999997,0.069,-0.012,-0.355,456.0,8.6,153.0,86.3,13.7,Houston Buffalos
*02bsw*,SP,Mike Clevinger,CHW,SP,IR,33,OAK Fri 6:40PM,16.0,0,0,15,6.75,1.938,0,4,*02bsw*,12808,605182.0,78.0,6.24,5.35,5.12,0.077,0.37,127.0,87.0,99.0,99.0,0.27699999999999997,303.0,0.192,0.115,0.009,-0.78,54.0,14.8,20.0,90.0,18.3,Houston Buffalos
*02btx*,P,Tyler Glasnow,LAD,SP,IR,31,@ATL Fri 6:20PM,134.0,0,0,168,3.49,0.948,23,22,*02btx*,14374,607192.0,522.0,2.91,2.69,2.91,0.255,0.39799999999999996,86.0,118.0,101.0,106.0,0.304,2012.0,0.322,0.067,0.003,0.853,317.0,8.5,127.0,89.0,9.3,Houston Buffalos
*03di6*,RP,Jordan Romano,TOR,RP,IR,31,STL Fri 6:07PM,13.2,8,0,13,6.59,1.463,1,15,*03di6*,16122,605447.0,62.0,6.18,4.36,3.94,0.145,0.5,106.0,134.0,98.0,103.0,0.284,215.0,0.21,0.065,-0.0319999999999999,-1.035,44.0,13.6,22.0,91.6,17.7,Houston Buffalos
*0603p*,P,Hurston Waldrep,ATL,SP,Min,22,LAD Fri 6:20PM,7.0,0,0,3,16.71,2.429,0,2,*0603p*,33527,694462.0,36.0,11.75,8.34,8.25,-0.139,0.33299999999999996,97.0,85.0,84.0,86.0,0.28600000000000003,133.0,0.083,0.222,0.134,10.904,24.0,4.2,8.0,84.9,12.8,Houston Buffalos
*05js3*,SP,Kyle Harrison,SF,SP,Act,23,SD Fri 9:15PM,124.1,0,0,118,4.56,1.343,16,24,*05js3*,27758,690986.0,532.0,4.34,4.24,4.19,0.14300000000000002,0.43799999999999994,105.0,89.0,98.0,92.0,0.27399999999999997,2078.0,0.222,0.079,-0.01,-0.31,365.0,10.1,161.0,90.7,14.9,Lakeland Flying Tigers
*051cl*,SP,Joey Estes,OAK,SP,Act,22,@CHW Fri 6:40PM,117.2,0,1,88,4.36,1.13,15,22,*051cl*,26257,683155.0,487.0,4.48,5.15,4.93,0.131,0.39799999999999996,92.0,92.0,106.0,105.0,0.23199999999999998,1807.0,0.18100000000000002,0.049,-0.006,0.14,367.0,9.0,146.0,89.3,25.9,Lakeland Flying Tigers
*04pw3*,RP,James McArthur,KC,RP,Act,27,@PIT Fri 5:40PM,55.2,18,2,48,5.01,1.401,5,55,*04pw3*,21527,663704.0,239.0,4.13,3.56,3.39,0.151,0.40299999999999997,122.0,112.0,100.0,105.0,0.314,872.0,0.201,0.05,0.02,0.672,176.0,8.5,71.0,90.2,7.5,Lakeland Flying Tigers
*04tlv*,RP,Bryan Abreu,HOU,RP,Act,27,@LAA Fri 8:38PM,71.2,1,35,97,3.27,1.228,2,72,*04tlv*,16609,650556.0,301.0,3.47,3.48,3.02,0.21899999999999997,0.365,109.0,126.0,96.0,102.0,0.324,1209.0,0.322,0.10300000000000001,0.009,-0.114,167.0,9.0,62.0,90.2,16.2,Lakeland Flying Tigers
*0516h*,P,DJ Herz,WSH,SP,Act,23,MIA Fri 5:45PM,75.1,0,0,93,3.82,1.221,5,16,*0516h*,26389,687792.0,322.0,3.71,3.67,3.59,0.19899999999999998,0.345,96.0,97.0,97.0,97.0,0.285,1336.0,0.289,0.09,0.009,0.533,196.0,7.7,69.0,89.5,17.4,Lakeland Flying Tigers
*005ih*,P,Clayton Kershaw,LAD,SP,Act,36,@ATL Fri 6:20PM,30.0,0,0,24,4.5,1.5,3,7,*005ih*,2036,477132.0,133.0,3.54,4.34,4.53,0.113,0.408,120.0,101.0,100.0,100.0,0.266,504.0,0.18,0.068,0.009,0.04,98.0,4.1,40.0,90.4,14.1,Lakeland Flying Tigers
*041ps*,P,Nick Lodolo,CIN,SP,Act,26,@MIN Fri 7:10PM,115.1,0,0,122,4.76,1.197,17,21,*041ps*,26378,666157.0,493.0,3.96,3.96,3.79,0.172,0.373,99.0,106.0,99.0,96.0,0.292,1865.0,0.247,0.075,0.005,0.96,316.0,8.2,120.0,89.2,11.8,Lakeland Flying Tigers
*041sz*,P,Tobias Myers,MIL,SP,Act,26,@ARI Fri 8:40PM,120.0,0,0,112,2.92,1.158,14,23,*041sz*,22191,668964.0,491.0,4.1,3.99,4.0,0.161,0.396,93.0,91.0,101.0,97.0,0.261,1857.0,0.228,0.067,-0.021,-1.295,341.0,8.5,136.0,90.0,16.2,Lakeland Flying Tigers
*03ab0*,P,Luis Severino,NYM,SP,Res,30,@PHI Fri 5:40PM,166.0,0,0,144,3.74,1.247,22,28,*03ab0*,15890,622663.0,695.0,4.14,4.18,4.3,0.127,0.349,96.0,106.0,100.0,100.0,0.24100000000000002,2631.0,0.207,0.081,-0.002,-0.169,482.0,5.4,171.0,87.1,12.5,Lakeland Flying Tigers
*05ajh*,P,Garrett Crochet,CHW,"SP,RP",Res,25,OAK Fri 6:40PM,134.0,0,0,191,3.83,1.097,17,29,*05ajh*,27463,676979.0,551.0,2.9,2.45,2.61,0.289,0.387,112.0,102.0,103.0,103.0,0.304,2225.0,0.34700000000000003,0.057999999999999996,0.0169999999999999,0.888,323.0,9.0,125.0,88.3,11.0,Lakeland Flying Tigers
*04pq4*,SP,Kyle Bradish,BAL,SP,IR,28,@DET Fri 5:40PM,39.1,0,0,53,2.75,1.068,4,8,*04pq4*,24586,680694.0,163.0,2.51,2.93,3.1,0.233,0.293,98.0,114.0,101.0,105.0,0.312,674.0,0.325,0.092,0.002,0.026,91.0,6.6,26.0,84.8,3.1,Lakeland Flying Tigers
*04pko*,P,Grayson Rodriguez,BAL,SP,IR,24,@DET Fri 5:40PM,116.2,0,0,130,3.86,1.243,24,20,*04pko*,24492,680570.0,491.0,3.67,3.58,3.62,0.191,0.391,109.0,119.0,102.0,107.0,0.29600000000000004,1879.0,0.265,0.073,0.006,0.057,320.0,7.8,127.0,89.2,13.4,Lakeland Flying Tigers
*004ee*,SP,Max Scherzer,TEX,SP,IR,40,@SEA Fri 9:10PM,39.1,0,0,38,3.89,1.093,5,8,*004ee*,3137,453286.0,158.0,3.91,3.82,3.77,0.19,0.33299999999999996,97.0,83.0,107.0,103.0,0.29,597.0,0.24100000000000002,0.051,0.02,0.58,111.0,7.2,37.0,87.8,20.9,Lakeland Flying Tigers
*04n0m*,SP,Logan Gilbert,SEA,SP,Act,27,TEX Fri 9:10PM,185.2,0,0,191,3.15,0.878,29,29,*04n0m*,22250,669302.0,711.0,3.12,3.18,3.27,0.222,0.4,84.0,121.0,101.0,105.0,0.297,2678.0,0.26899999999999996,0.046,-0.028,0.011,483.0,7.2,193.0,89.6,12.5,Moonstars
*04ptt*,SP,Tarik Skubal,DET,SP,Act,27,BAL Fri 5:40PM,180.0,0,0,214,2.5,0.944,37,29,*04ptt*,22267,669373.0,687.0,2.54,2.86,2.92,0.255,0.331,99.0,103.0,103.0,106.0,0.322,2586.0,0.303,0.048,-0.008,-0.226,438.0,6.6,146.0,87.7,12.4,Moonstars
*05h2u*,RP,Jared Jones,PIT,"SP,RP",Act,23,KC Fri 5:40PM,108.1,0,0,115,3.82,1.108,17,19,*05h2u*,27863,683003.0,440.0,3.97,3.75,3.65,0.191,0.433,91.0,127.0,102.0,109.0,0.301,1640.0,0.261,0.07,-0.003,-0.008,289.0,9.7,126.0,89.6,14.1,Moonstars
*03ql5*,RP,Ryan Helsley,STL,RP,Act,30,@TOR Fri 6:07PM,61.2,44,0,72,2.19,1.151,7,60,*03ql5*,18138,664854.0,251.0,2.59,3.51,3.26,0.195,0.34,100.0,147.0,100.0,111.0,0.32799999999999996,882.0,0.287,0.092,-0.011,-0.571,156.0,3.8,54.0,89.3,18.0,Moonstars
*041m9*,P,Dane Dunning,TEX,"SP,RP",Act,29,@SEA Fri 9:10PM,90.1,0,0,85,5.38,1.428,6,24,*041m9*,19409,641540.0,399.0,5.23,4.48,4.4,0.115,0.45399999999999996,102.0,82.0,98.0,94.0,0.272,1593.0,0.213,0.098,-0.012,-0.06,269.0,11.2,123.0,90.3,13.6,Moonstars
*05vy6*,P,Bryce Miller,SEA,SP,Act,26,TEX Fri 9:10PM,167.1,0,0,158,3.12,0.992,26,29,*05vy6*,29837,682243.0,634.0,3.68,3.9,3.84,0.17800000000000002,0.41200000000000003,85.0,112.0,102.0,105.0,0.268,2462.0,0.23800000000000002,0.06,-0.0389999999999999,-0.65,442.0,10.0,184.0,90.5,16.5,Moonstars
*0425t*,P,Bailey Ober,MIN,SP,Act,29,CIN Fri 7:10PM,155.0,0,0,162,3.77,0.981,29,27,*0425t*,21224,641927.0,612.0,3.78,3.93,3.66,0.201,0.345,84.0,91.0,105.0,101.0,0.293,2342.0,0.265,0.064,-0.0089999999999999,0.484,406.0,8.6,141.0,87.5,20.3,Moonstars
*0319c*,P,Mark Leiter Jr.,NYY,RP,Act,33,BOS Fri 6:05PM,52.0,0,15,75,4.67,1.327,3,55,*0319c*,15551,643410.0,231.0,3.31,2.87,2.71,0.242,0.38799999999999996,117.0,93.0,97.0,98.0,0.327,896.0,0.325,0.08199999999999999,0.014,1.213,134.0,8.2,52.0,88.7,11.8,Moonstars
*04px8*,P,Reese Olson,DET,SP,Res,25,BAL Fri 5:40PM,103.0,0,0,92,3.23,1.184,13,19,*04px8*,24968,681857.0,425.0,3.14,3.72,3.96,0.14400000000000002,0.435,102.0,92.0,97.0,97.0,0.281,1674.0,0.21600000000000003,0.073,-0.012,-0.307,299.0,5.4,131.0,90.1,8.4,Moonstars
*03dgs*,RP,Erik Swanson,TOR,RP,Res,31,STL Fri 6:07PM,31.2,0,8,28,5.97,1.484,1,37,*03dgs*,16587,657024.0,143.0,6.84,4.41,4.23,0.105,0.505,93.0,101.0,96.0,98.0,0.239,565.0,0.196,0.091,0.013,-0.032,101.0,12.9,51.0,91.9,12.8,Moonstars
*05u6r*,SP,Robert Gasser,MIL,SP,IR,25,@ARI Fri 8:40PM,28.0,0,0,16,2.57,1.036,4,5,*05u6r*,29812,688107.0,114.0,3.39,4.19,4.36,0.132,0.245,96.0,98.0,102.0,99.0,0.29600000000000004,399.0,0.14,0.009000000000000001,-0.001,-0.369,94.0,2.1,23.0,86.0,14.3,Moonstars
*04esc*,SP,Keaton Winn,SF,SP,IR,26,SD Fri 9:15PM,55.1,0,0,48,7.16,1.373,7,12,*04esc*,23499,676775.0,238.0,4.86,4.08,4.27,0.11800000000000001,0.48200000000000004,102.0,112.0,98.0,103.0,0.262,877.0,0.20199999999999999,0.084,-0.009,1.537,165.0,8.5,80.0,93.1,8.7,Moonstars
*05jq2*,P,Andrew Abbott,CIN,SP,IR,25,@MIN Fri 7:10PM,138.0,0,0,114,3.72,1.297,19,25,*05jq2*,29911,671096.0,586.0,5.05,4.92,4.79,0.106,0.33,88.0,92.0,98.0,97.0,0.255,2333.0,0.195,0.08900000000000001,0.009,-0.363,418.0,9.3,140.0,88.2,21.3,Moonstars
*03vcw*,SP,Jordan Hicks,SF,"SP,RP",IR,28,SD Fri 9:15PM,108.1,1,2,95,3.9,1.422,7,28,*03vcw*,19618,663855.0,472.0,4.38,4.31,4.42,0.10400000000000001,0.419,105.0,106.0,94.0,97.0,0.27,1931.0,0.201,0.09699999999999999,-0.012,-1.055,322.0,9.3,135.0,89.5,8.8,Moonstars
*04eos*,SP,Joey Cantillo,CLE,SP,Min,24,TB Fri 6:10PM,25.2,0,0,25,5.96,1.247,2,6,*04eos*,23335,676282.0,106.0,5.32,3.93,4.02,0.151,0.431,91.0,97.0,93.0,93.0,0.28,454.0,0.23600000000000002,0.085,0.008,1.561,72.0,8.3,31.0,89.8,11.0,Moonstars
*0510l*,P,Emerson Hancock,SEA,SP,Min,25,TEX Fri 9:10PM,45.1,0,0,28,4.76,1.324,7,9,*0510l*,27470,676106.0,198.0,5.43,5.17,5.15,0.071,0.441,93.0,87.0,103.0,99.0,0.25,753.0,0.141,0.071,-0.0439999999999999,-1.395,152.0,9.9,70.0,88.5,15.5,Moonstars
*05tq1*,SP,Spencer Schwellenbach,ATL,SP,Min,24,LAD Fri 6:20PM,97.2,0,0,107,3.78,1.116,13,17,*05tq1*,31846,680885.0,401.0,3.32,3.26,3.31,0.21899999999999997,0.389,103.0,101.0,107.0,108.0,0.301,1520.0,0.267,0.047,0.012,0.368,270.0,5.2,105.0,87.7,11.2,Moonstars
*03df2*,SP,Dylan Cease,SD,SP,Act,28,@SF Fri 9:15PM,170.0,0,0,205,3.71,1.094,26,30,*03df2*,18525,656302.0,688.0,3.23,3.42,3.45,0.21100000000000002,0.368,91.0,122.0,100.0,107.0,0.29100000000000004,2891.0,0.298,0.087,-0.0139999999999999,0.316,419.0,9.1,156.0,88.7,13.8,Rantiago
*052c8*,SP,Cristopher Sanchez,PHI,SP,Act,27,NYM Fri 5:40PM,165.0,0,0,135,3.33,1.242,26,28,*052c8*,20778,650911.0,683.0,2.84,3.17,3.54,0.14300000000000002,0.342,108.0,95.0,102.0,105.0,0.275,2519.0,0.198,0.054000000000000006,-0.003,-0.163,511.0,5.1,175.0,87.4,1.9,Rantiago
*0403o*,RP,Andres Munoz,SEA,RP,Act,25,TEX Fri 9:10PM,53.2,20,6,70,2.18,0.988,2,54,*0403o*,20373,662253.0,211.0,3.59,3.06,3.04,0.213,0.354,73.0,116.0,95.0,100.0,0.33899999999999997,867.0,0.332,0.11800000000000001,-0.032,-0.85,113.0,9.7,40.0,86.6,1.8,Rantiago
*03dfa*,RP,Tanner Scott,SD,RP,Act,30,@SF Fri 9:15PM,64.0,20,8,74,1.55,1.094,9,64,*03dfa*,17586,656945.0,260.0,3.07,3.52,3.65,0.158,0.289,77.0,145.0,99.0,109.0,0.306,1042.0,0.285,0.127,-0.032,-1.343,152.0,5.3,44.0,84.1,11.3,Rantiago
*01c5l*,P,Yu Darvish,SD,SP,Act,38,@SF Fri 9:15PM,64.0,0,0,62,3.52,1.141,8,13,*01c5l*,13074,506433.0,263.0,3.91,3.88,3.89,0.171,0.415,92.0,99.0,102.0,102.0,0.27699999999999997,1018.0,0.23600000000000002,0.065,-0.005,-0.254,183.0,7.1,76.0,90.9,17.7,Rantiago
*01ut7*,P,Nathan Eovaldi,TEX,SP,Act,34,@SEA Fri 9:10PM,152.0,0,0,150,3.67,1.079,25,26,*01ut7*,9132,543135.0,615.0,3.91,3.39,3.56,0.185,0.435,93.0,98.0,105.0,104.0,0.287,2348.0,0.244,0.059000000000000004,-0.022,-0.239,423.0,7.6,184.0,89.7,9.1,Rantiago
*000dp*,P,Justin Verlander,HOU,SP,Act,41,@LAA Fri 8:38PM,74.2,0,0,63,5.3,1.379,8,14,*000dp*,8700,434378.0,326.0,5.09,5.21,4.85,0.12,0.33799999999999997,104.0,118.0,100.0,102.0,0.26,1310.0,0.193,0.07400000000000001,0.024,1.204,234.0,8.1,79.0,89.0,22.0,Rantiago
*05y62*,P,Bryan Woo,SEA,SP,Act,24,TEX Fri 9:10PM,105.2,0,0,82,2.38,0.823,18,19,*05y62*,30279,693433.0,404.0,3.35,3.84,3.86,0.17800000000000002,0.34299999999999997,78.0,104.0,108.0,108.0,0.28800000000000003,1465.0,0.203,0.025,-0.0179999999999999,-0.165,309.0,4.5,106.0,88.5,15.3,Rantiago
*041ru*,SP,Cole Irvin,BAL,"SP,RP",Res,30,@DET Fri 5:40PM,107.1,1,1,76,4.86,1.407,10,25,*041ru*,19244,608344.0,470.0,4.66,4.66,4.58,0.109,0.42,111.0,79.0,102.0,94.0,0.257,1691.0,0.162,0.053,-0.012,-0.837,364.0,12.6,153.0,90.3,15.6,Rantiago
*02z93*,SP,Kenta Maeda,DET,"SP,RP",Res,36,BAL Fri 5:40PM,103.1,0,1,84,5.92,1.413,5,26,*02z93*,18498,628317.0,448.0,5.0,4.6,4.37,0.12300000000000001,0.37,110.0,92.0,100.0,99.0,0.261,1808.0,0.188,0.065,0.0269999999999999,1.463,331.0,8.2,123.0,88.5,16.5,Rantiago
*03qne*,RP,Chris Paddack,MIN,"SP,RP",Res,28,CIN Fri 7:10PM,88.1,0,0,79,4.99,1.392,9,17,*03qne*,20099,663978.0,384.0,4.19,4.1,4.14,0.151,0.431,115.0,89.0,106.0,104.0,0.27,1462.0,0.20600000000000002,0.055,-0.007,0.162,283.0,9.9,122.0,90.4,14.3,Rantiago
*05jq7*,RP,Kyle Hurt,LAD,RP,IR,26,@ATL Fri 6:20PM,6.2,0,0,3,1.35,1.35,0,3,*05jq7*,27514,669165.0,27.0,2.73,4.09,4.74,0.07400000000000001,0.478,118.0,87.0,97.0,92.0,0.276,87.0,0.111,0.037000000000000005,-0.0569999999999999,-4.61,23.0,4.3,11.0,90.4,14.8,Rantiago
*041yb*,SP,Dean Kremer,BAL,SP,IR,28,@DET Fri 5:40PM,118.2,0,0,113,4.1,1.256,16,22,*041yb*,19350,665152.0,509.0,4.23,4.4,4.4,0.126,0.355,91.0,87.0,100.0,98.0,0.266,2002.0,0.222,0.096,-0.035,-0.394,344.0,9.6,122.0,87.5,15.9,Rantiago
*05mre*,SP,Spencer Strider,ATL,SP,IR,25,LAD Fri 6:20PM,9.0,0,0,12,7.0,1.667,0,2,*05mre*,27498,675911.0,42.0,5.06,4.03,3.99,0.16699999999999998,0.36,118.0,117.0,107.0,112.0,0.303,178.0,0.28600000000000003,0.11900000000000001,0.0359999999999999,2.48,25.0,12.0,9.0,87.0,16.8,Rantiago
*05yg3*,SP,Julian Aguiar,CIN,SP,Min,23,@MIN Fri 7:10PM,21.1,0,0,11,5.06,1.359,2,5,*05yg3*,30031,687924.0,95.0,6.6,6.11,5.8,0.032,0.297,79.0,85.0,98.0,99.0,0.23,370.0,0.11599999999999999,0.084,-0.01,-0.307,74.0,13.5,22.0,88.7,19.1,Rantiago
*05ynx*,SP,River Ryan,LAD,SP,Min,26,@ATL Fri 6:20PM,20.1,0,0,18,1.33,1.18,1,4,*05ynx*,29514,689981.0,81.0,3.37,4.3,4.51,0.111,0.278,90.0,115.0,95.0,96.0,0.26,296.0,0.222,0.111,-0.0479999999999999,-2.662,54.0,7.4,15.0,84.3,9.8,Rantiago
*02i2j*,SP,Max Fried,ATL,SP,Act,30,LAD Fri 6:20PM,153.2,0,0,144,3.46,1.217,22,26,*02i2j*,13743,608331.0,637.0,3.51,3.39,3.68,0.146,0.344,99.0,94.0,98.0,99.0,0.27699999999999997,2470.0,0.226,0.08,-0.022,-0.344,435.0,5.3,150.0,86.3,2.8,BurghtownOs
*0311w*,SP,Ben Lively,CLE,SP,Act,32,TB Fri 6:10PM,137.0,0,0,110,4.01,1.241,20,26,*0311w*,14932,594902.0,570.0,4.78,4.53,4.51,0.11800000000000001,0.41600000000000004,94.0,68.0,102.0,93.0,0.27,2189.0,0.193,0.075,0.006,-0.073,413.0,7.0,174.0,90.5,14.6,BurghtownOs
*04auk*,RP,Seranthony Dominguez,BAL,RP,Act,29,@DET Fri 5:40PM,54.1,10,5,65,3.98,1.123,3,57,*04auk*,19249,622554.0,229.0,4.41,3.76,3.11,0.214,0.336,86.0,129.0,98.0,104.0,0.271,961.0,0.284,0.07,0.011,0.615,146.0,12.3,49.0,87.1,17.9,BurghtownOs
*03duu*,RP,Ryan Thompson,ARI,RP,Act,32,MIL Fri 8:40PM,59.0,2,23,48,3.2,1.203,7,59,*03duu*,16647,657044.0,244.0,3.36,3.29,3.16,0.14300000000000002,0.44,102.0,113.0,103.0,107.0,0.276,888.0,0.19699999999999998,0.053,-0.011,-0.647,182.0,6.0,80.0,90.0,0.1,BurghtownOs
*04ydi*,P,Ronel Blanco,HOU,"SP,RP",Act,31,@LAA Fri 8:38PM,150.1,0,0,149,2.99,1.091,22,27,*04ydi*,19407,669854.0,609.0,4.29,4.15,4.21,0.14300000000000002,0.361,76.0,95.0,100.0,98.0,0.28300000000000003,2471.0,0.245,0.102,-0.0319999999999999,-0.947,395.0,8.9,143.0,88.9,16.7,BurghtownOs
*02bzn*,P,Colin Rea,MIL,SP,Act,34,@ARI Fri 8:40PM,154.0,0,0,123,4.21,1.221,20,28,*02bzn*,12317,607067.0,650.0,4.79,4.43,4.35,0.129,0.418,92.0,85.0,103.0,97.0,0.263,2421.0,0.18899999999999997,0.06,-0.0219999999999999,-0.792,479.0,9.4,202.0,90.5,15.3,BurghtownOs
*04eor*,P,Cade Smith,CLE,RP,Act,25,TB Fri 6:10PM,70.0,1,25,93,2.06,0.929,6,69,*04eor*,27867,671922.0,270.0,1.56,2.52,2.31,0.281,0.439,106.0,119.0,104.0,109.0,0.315,1102.0,0.344,0.063,-0.018,-0.583,157.0,7.6,69.0,90.7,10.5,BurghtownOs
*066n3*,P,Ryan Walker,SF,"SP,RP",Act,28,SD Fri 9:15PM,74.1,7,21,95,1.82,0.848,9,70,*066n3*,20423,676254.0,285.0,2.29,2.61,2.31,0.27699999999999997,0.301,90.0,106.0,101.0,104.0,0.342,1110.0,0.33299999999999996,0.055999999999999994,-0.0229999999999999,-0.794,166.0,6.0,50.0,86.2,8.6,BurghtownOs
*06ala*,SP,Osvaldo Bido,OAK,"SP,RP",Res,28,@CHW Fri 6:40PM,63.1,0,1,63,3.41,1.089,9,16,*06ala*,23150,674370.0,259.0,3.37,4.64,4.24,0.14300000000000002,0.27,88.0,103.0,97.0,97.0,0.26,1056.0,0.243,0.1,0.004,0.651,163.0,4.3,44.0,85.6,21.7,BurghtownOs
*03bin*,SP,Nestor Cortes Jr.,NYY,SP,Res,29,BOS Fri 6:05PM,168.1,0,0,156,3.9,1.152,21,30,*03bin*,17874,641482.0,666.0,3.89,4.22,4.08,0.171,0.436,101.0,100.0,101.0,101.0,0.25,2661.0,0.221,0.05,0.008,0.277,482.0,8.1,211.0,89.7,22.8,BurghtownOs
*02mwq*,P,Zach Eflin,BAL,SP,Res,30,@DET Fri 5:40PM,148.0,0,0,125,3.65,1.135,21,25,*02mwq*,13774,621107.0,613.0,3.56,3.69,3.82,0.17600000000000002,0.363,104.0,93.0,108.0,103.0,0.284,2162.0,0.204,0.027999999999999997,0.008,0.259,468.0,7.1,171.0,88.1,13.9,BurghtownOs
*0421k*,SP,Bowden Francis,TOR,"SP,RP",Res,28,STL Fri 6:07PM,92.2,0,0,82,3.5,0.928,14,25,,,,,,,,,,,,,,,,,,,,,,,,,BurghtownOs
*01uca*,P,Chris Sale,ATL,SP,Res,35,LAD Fri 6:20PM,166.2,0,0,213,2.38,0.996,33,27,*01uca*,10603,519242.0,658.0,2.02,2.6,2.76,0.271,0.308,106.0,97.0,103.0,102.0,0.326,2629.0,0.324,0.053,-0.004,-0.364,402.0,5.2,125.0,86.6,9.3,BurghtownOs
*02xid*,SP,Albert Suarez,BAL,"SP,RP",Res,34,@DET Fri 5:40PM,119.1,0,1,95,3.39,1.291,14,29,*02xid*,6175,544150.0,504.0,3.84,4.54,4.59,0.111,0.373,103.0,89.0,99.0,96.0,0.22399999999999998,2004.0,0.188,0.077,-0.005,-0.706,367.0,6.5,138.0,88.7,16.8,BurghtownOs
*0374o*,P,Chad Green,TOR,RP,Res,33,STL Fri 6:07PM,49.0,16,7,43,3.49,1.02,4,49,*0374o*,15552,643338.0,193.0,4.52,4.47,3.84,0.15,0.485,78.0,119.0,105.0,107.0,0.251,776.0,0.223,0.073,-0.0329999999999999,-0.47,134.0,9.7,65.0,91.8,16.9,BurghtownOs
*0374m*,RP,Tyler Rogers,SF,RP,Res,33,SD Fri 9:15PM,64.1,1,29,47,2.94,1.026,3,71,*0374m*,15541,643511.0,264.0,3.39,3.55,3.22,0.163,0.304,95.0,125.0,106.0,105.0,0.27699999999999997,909.0,0.17800000000000002,0.015,0.012,0.048,206.0,4.4,64.0,85.5,7.3,BurghtownOs
*03dim*,P,John Means,BAL,SP,IR,31,@DET Fri 5:40PM,20.2,0,0,16,2.61,0.871,4,4,*03dim*,16269,607644.0,80.0,3.32,4.55,4.62,0.175,0.525,84.0,87.0,101.0,102.0,0.281,320.0,0.2,0.025,-0.079,-2.187,61.0,6.6,32.0,90.9,26.5,BurghtownOs
*041m1*,SP,Matt Manning,DET,SP,Min,26,BAL Fri 5:40PM,27.2,0,0,23,4.88,1.554,0,5,*041m1*,20369,666159.0,123.0,4.22,5.22,5.05,0.08900000000000001,0.35200000000000004,116.0,99.0,98.0,98.0,0.26899999999999996,438.0,0.187,0.098,0.0,0.14,88.0,9.1,31.0,88.1,21.1,BurghtownOs
